NO2_t-1,NO2_t-2,NO2_t-3,NO2
-1.3328052016450382,-1.3301957668569444,-1.329157417776767,1.6305584722431377e-05
-1.3328052016450382,-1.3301957668569444,-1.329157417776767,2.8431577447918244e-05
-0.5592841257063128,-1.3301957668569444,-1.329157417776767,1.730676331135328e-05
-1.2689396892006877,-0.5575838449786426,-1.329157417776767,2.101172352316401e-05
-1.0325990551405646,-1.266405318417656,-0.5569224791310375,2.4716683734974747e-05
-0.7962584210804414,-1.0303424661191198,-1.2653980948337062,2.842164394678548e-05
-0.5599177870203184,-0.7942796138205834,-1.0294504255068921,5.980204514344223e-05
1.4418483567122313,-0.5582167615220471,-0.7935027561800776,3.29461763612926e-05
-0.27129637179934996,1.4411966165597616,-0.5575550868532634,6.946231951587833e-05
2.058080445547667,-0.2699345760127642,1.4408827104781408,3.754280260181986e-05
0.02192393236490667,2.0567044201453766,-0.2694135638772767,3.528413435560651e-05
-0.12215726012396921,0.02294109315908963,2.056090187192142,4.002387595392065e-05
0.18019241992272433,-0.12097075423337379,0.0233192014467595,4.476361755223479e-05
0.4825420999694179,0.1810235606554298,-0.12052242653554573,2.2981967276791693e-05
-0.9069165561758091,0.48301787554423337,0.1813245352127983,2.8545226086862385e-05
-0.5520344415389892,-0.9048076874399676,0.4831714969611423,2.661577400431269e-05
-0.675114826349803,-0.5503426816907138,-0.9039768994505983,3.5639418456412386e-05
-0.09949357013662026,-0.6732784045975538,-0.549684849049194,2.922912199210259e-05
-0.5084084961481755,-0.09833370189872379,-0.6725605874995331,2.28188255277928e-05
-0.9173234221597306,-0.5067680118328179,-0.09789641957687735,2.9734444979112595e-05
-0.4761737761168014,-0.915202321766912,-0.5061314407321004,3.528559682308696e-05
-0.12206396884096966,-0.47457117871560134,-0.9143664618873232,1.8164659195463173e-05
-1.2142142277607093,-0.120877572599809,-0.47395031752808003,4.96904303872725e-05
0.796825115915568,-1.2117441782703022,-0.12042929036842075,4.626004374586046e-05
0.5779996204842788,0.7969315005468688,-1.2107636256873109,3.738655686902348e-05
0.011956965529320296,0.5783632005481074,0.7969319529927187,2.3868325115472544e-05
-0.8503754972650545,0.012985840947255016,0.5784702997876945,2.3494685592595488e-05
-0.8742100856811948,-0.8483330837750859,0.013368806735894797,3.167413524352014e-05
-0.3524402943080241,-0.8721396583290174,-0.8475298516362606,3.9853584894444793e-05
0.16932949706514674,-0.3509831264250311,-0.8713248101651507,2.052628406090662e-05
-1.0635653985690263,0.17017340547895518,-0.35042256798736454,2.7545460397959687e-05
-0.6158098246250437,-1.06127241341341,0.17047967419042162,2.3623560991836712e-05
-0.8659890814516956,-0.6140431067047891,-1.0603652810440087,5.738553227274679e-06
-2.0068796264491997,-0.8639283166150055,-0.6133541924924858,1.198844120153808e-05
-1.6081972109313707,-2.003477921716044,-0.8631174750397708,1.823832917580148e-05
-1.209514795413542,-1.605264095546537,-2.00211105572332,3.953920531785116e-05
0.1492751201704004,-1.2070502693770302,-1.6040915314163569,9.449944263906218e-05
3.655206788527386,0.1501425993940423,-1.2060720071093936,3.567706517060287e-05
-0.09709207381995362,3.6519535888050974,0.15045864180665816,3.901401214534417e-05
0.11577287445163,-0.09593502816853257,3.6505609803552774,2.5514515073155053e-05
-0.7453644968386978,0.11667973036929612,-0.09549891623993415,1.4093015579419443e-05
-1.4739457171340657,-0.7434455074937157,0.11701210043642893,1.686599716776982e-05
-1.2970563068946301,-1.4711703935593072,-0.7426934535161943,1.5218218322843312e-05
-1.4021686629624048,-1.2944888893880675,-1.470063258237318,1.3570439477916809e-05
-1.5072810190301795,-1.3994777021830185,-1.293467962889282,1.19226606329903e-05
-1.6123933750979542,-1.5044665149779692,-1.3984055481262434,2.5342711523990147e-05
-0.7563239019124621,-1.60945532777292,-1.5033431333632048,3.583833313314244e-05
-0.08680473729237505,-0.7543920314864951,-1.6082807186001662,2.4163224225048907e-05
-0.831563785787327,-0.08565978280959298,-0.7536346363333029,1.957483618753031e-05
-1.1242585722641398,-0.8295434825467175,-0.08522868451733798,3.2009382266551256e-05
-0.3310547761215227,-1.1218942516956671,-0.8287494184836225,3.122043563053012e-05
-0.3813819422817519,-0.3296227435985067,-1.1209575399010554,2.314168159500696e-05
-0.8967283271321755,-0.37989075798008703,-0.32907260760701124,3.087793811573647e-05
-0.40322997172949226,-0.8946314330794962,-0.37931609454082643,1.5376091596408514e-05
-1.3920978747643011,-0.40171310845759306,-0.8938056104254468,4.547862226900179e-05
0.5281524867093346,-1.3894187506345768,-0.40112779716267255,3.3778658689698204e-05
-0.21819204946087328,0.5285746543481907,-1.388351504677151,3.3723912565619685e-05
-0.22168432277484984,-0.21689266956931855,0.528706047086959,3.3669166441541165e-05
-0.22517659608882637,-0.22038083825762647,-0.21639753835643477,3.302231471025152e-05
-0.266439481403637,-0.22386900694593442,-0.21988400505041586,3.4164889257226605e-05
-0.1935542741530378,-0.2650833941384628,-0.22337047174439698,3.530746380420169e-05
-0.12066906690243862,-0.192283852145318,-0.2645647490570849,3.093880968663143e-05
-0.3993469541425046,-0.11948431015217321,-0.1918007283986402,6.794188084313646e-05
1.961091161069029,-0.39783465475556695,-0.11903670774019555,9.062695608008652e-05
3.4081795935199897,1.9598291315287055,-0.3972512358881026,3.969694807892665e-05
0.15933758293373337,3.4052167359543173,1.9592621672732802,5.604451143881306e-05
1.2021540422028945,0.16019323529297078,3.4039445186785766,4.224567237542942e-05
0.32192154655085126,1.2017840255432621,0.16050437366372128,1.6168979982467135e-05
-1.3415192630689228,0.3225861066757848,1.2015869368830712,2.3225812356031383e-05
-0.8913615981343613,-1.3388995862530773,0.32281800812581607,3.028264472959563e-05
-0.44120393319979984,-0.8892710118393001,-1.3378569902879132,1.886181598820258e-05
-1.1697423659819761,-0.4396424374255229,-0.8884478047143021,3.788414778682636e-05
0.043698454315408024,-1.1673245862680086,-0.439038619140691,4.205717777949758e-05
0.3098974140979778,0.04469002253601947,-1.1663657074916314,2.3475210582546424e-05
-0.875452402996412,0.31057610672580316,0.04505751879264331,1.9766157492995266e-05
-1.1120541230777072,-0.8733805154928999,0.31081386825704227,1.6543255696888082e-05
-1.3176440917843382,-1.1097041469464817,-0.8725650618732648,1.33203539007809e-05
-1.5232340604909689,-1.3150524765295697,-1.1087733831122413,2.8222771106811703e-05
-0.57260395108408,-1.5204008061126573,-1.3140215163679136,2.7413183488533832e-05
-0.6242478123112707,-0.5708880149674319,-1.5192696496235858,1.8607048332341947e-05
-1.185994078789085,-0.6224711768451271,-0.5702201575697136,4.614894351107068e-06
-2.078558196819311,-1.183557197707169,-0.6217781502951341,3.175748497596942e-05
-0.3471233873806548,-2.075072245043218,-1.182590398496017,1.881111029433669e-05
-1.1729768989198794,-0.345672468697163,-2.073670445782346,2.1963290237181354e-05
-0.9718983005617581,-1.1705553175140828,-0.34511450150726347,2.211410719610285e-05
-0.9622776370024305,-0.9697130558633222,-1.1695948623557288,2.362476425332716e-05
-0.8659123250043022,-0.960103699901953,-0.9688505983709248,2.6401356990390923e-05
-0.6887925583972363,-0.8638516503829118,-0.9592459311361602,2.917794972745469e-05
-0.5116727917901703,-0.6869400605922265,-0.8630408462156994,2.7595300707616843e-05
-0.6126304948312783,-0.5100284708015408,-0.6862155775146973,2.32366555792396e-05
-0.8906699053490742,-0.6108675137201183,-0.5093903088136948,2.233877194157685e-05
-0.9479461987788791,-0.8885801320316085,-0.6101801489859874,2.7140533120473265e-05
-0.6416402692285522,-0.9457891060613899,-0.8877572620100072,3.194229429936968e-05
-0.3353343396782254,-0.639843191626675,-0.9449383218653483,2.849377597158309e-05
-0.5553164613644145,-0.33389727719196033,-0.6391416886888563,2.7351507014827803e-05
-0.6281821749140883,-0.5536208440108384,-0.3333450555123643,2.44789644057164e-05
-0.8114226155098889,-0.6264009152148801,-0.5529614118441322,2.60923716268735e-05
-0.7085028366604718,-0.8094259850912736,-0.6257059712139239,3.042449407075765e-05
-0.43215531693548176,-0.7066271724802039,-0.808641737028951,1.910244463942945e-05
-1.1543925849444636,-0.43060445640628575,-0.7058930834014349,3.348642712808214e-05
-0.2368335971742738,-1.1519928465175289,-0.43000504805508816,2.304106237716041e-05
-0.9031468602296916,-0.2355123070344745,-1.151041448610458,2.8580140678968743e-05
-0.5498072281913094,-0.9010424221867978,-0.23500809067687295,3.530067624524236e-05
-0.12110204752745451,-0.5481180860869088,-0.9002134713964496,3.36075245286338e-05
-0.2291087540468965,-0.11991678187561479,-0.547461338900089,2.938102261396125e-05
-0.4987187053726205,-0.22779654326215792,-0.11946896844619916,2.7142825274495408e-05
-0.641494051967371,-0.49708960990354295,-0.22729609168411294,3.012323941220529e-05
-0.45137245097888173,-0.6396971462212077,-0.49645776121927027,2.4787694201222618e-05
-0.791728640014392,-0.4497990036889772,-0.6389957145438334,1.9452148990239948e-05
-1.1320848290499022,-0.7897551568096595,-0.44919022967530725,2.29168053920148e-05
-0.9110732543005635,-1.1297113099303415,-0.7889805068032599,2.0680261513916776e-05
-1.0537431260492365,-0.9089595000107331,-1.1287707839312124,4.660011290980037e-05
0.5996927446300238,-1.051461685451644,-0.9081266862129603,2.367035631323233e-05
-0.8630039924635787,0.6000308277907764,-1.0505593400649909,2.9846057259419467e-05
-0.4690539919386792,-0.8609467361360407,0.6001273546693517,3.239790112274932e-05
-0.30627103012461576,-0.4674597627395828,-0.8601373493737791,3.2758423913037404e-05
-0.2832731624071192,-0.30486812705134136,-0.4668423714500878,3.022638520633336e-05
-0.44479274674693015,-0.2818972897606384,-0.3043300696663271,1.6210050489462446e-05
-1.338899361879836,-0.4432270328789128,-0.2813704406164647,3.580267002689652e-05
-0.0890796986039285,-1.3362827643515212,-0.4426214655499059,9.925049198500346e-06
-1.739821667452643,-0.0879320702569454,-1.3352414452214039,2.122187333952752e-05
-1.0191935290329859,-1.7367338479326282,-0.08749986323954263,1.794606760086026e-05
-1.2281582576868546,-1.0169526961284354,-1.735497135307147,1.8026702491624743e-05
-1.2230145314060985,-1.2256718191518299,-1.0160671888334287,3.557423451638897e-05
-0.10365167517282578,-1.2205341385235833,-1.2246844708063958,5.312176654115319e-05
1.0157111810604467,-0.10248691972733417,-1.2195492970245958,4.160741627856624e-05
0.2812069795915315,1.0155602990689148,-0.1020476109114119,5.654278902511578e-05
1.2339393337990971,0.2819193933755584,1.0154540752017718,4.466655809665099e-05
0.47635064528089494,1.2335319584587314,0.2821711374769957,3.253277827752754e-05
-0.2976671719296228,0.4768336979504724,1.2333193789187868,2.039899845840409e-05
-1.0716849891401408,-0.29627438135729584,0.4769903368347464,8.265218639280647e-06
-1.8457028063506582,-1.0693824606650641,-0.2957405171486226,2.508808574930299e-05
-0.7725665640727127,-1.8424905399728322,-1.0684713711319918,2.6519535822444595e-05
-0.6812538917170888,-0.770615602916429,-1.8412022251153606,3.420431494305376e-05
-0.1910392966488419,-0.6794102544455998,-0.7698502917393854,5.76873298996361e-05
1.3069499737324357,-0.18977183060713382,-0.6786894454126736,2.19553603528766e-05
-0.9724041504973754,1.3064567857079503,-0.1892899325598957,2.8082270243127524e-05
-0.5815665475252668,-0.9702183112507918,1.306208623702433,3.4209180133378446e-05
-0.19072894455315836,-0.5798400772664991,-0.969355607227369,4.033609002362937e-05
0.20010865841895004,-0.18946184328220667,-0.5791678518577675,4.6462999913880296e-05
0.5909462613910589,0.2009163907020858,-0.18898009648816633,5.258990980413122e-05
0.9817838643631673,0.5912946246863787,0.20120765888143494,5.871681969438214e-05
1.3726214673352757,0.9816728586706712,0.5913954142510366,6.433971248043235e-05
1.7313076529711844,1.3720510926549636,0.9815831696206379,3.682880924316123e-05
-0.023621939507662046,1.730315698307815,1.3717709249902392,1.937842262123013e-05
-1.1367878584490263,-0.022551246604740848,1.729860721343194,2.3313711305187702e-05
-0.8857544951726077,-1.1344088116477935,-0.022150941080896113,2.724899998914528e-05
-0.6347211318961891,-0.8836704991574801,-1.1334659935802502,3.1184288673102856e-05
-0.38368776861977033,-0.6329321866671663,-0.8828500247101887,3.0200388512942784e-05
-0.4464510843937987,-0.38219387417685263,-0.6322340558401268,2.9216488352782715e-05
-0.5092144001678268,-0.4448834214070668,-0.381618086970065,2.8232588192622643e-05
-0.5719777159418552,-0.5075729686372807,-0.44427704587062217,2.724868803246257e-05
-0.6347410317158836,-0.5702625158674949,-0.5069360047711791,2.6264787872302506e-05
-0.6975043474899115,-0.6329520630977091,-0.5695949636717362,2.528088771214243e-05
-0.7602676632639401,-0.6956416103279228,-0.6322539225722934,2.429698755198236e-05
-0.8230309790379683,-0.7583311575581372,-0.6949128814728501,2.331308739182229e-05
-0.8857942948119967,-0.8210207047883512,-0.7575718403734075,2.2329187231662218e-05
-0.9485576105860251,-0.8837102520185653,-0.8202307992739645,5.0950799050042406e-05
0.8772244486692571,-0.9463997992487795,-0.8828897581745216,3.060350809391821e-05
-0.4207359533470284,0.8772363363539301,-0.9455487170750788,5.825655898661353e-05
1.3432612849613248,-0.4191985145087169,0.877197605380865,2.482852596585872e-05
-0.7891239682791525,1.3427254186219622,-0.41860467149857256,2.3955071204303145e-05
-0.8448419356437704,-0.7871535464620898,1.3424595599357576,2.308161644274757e-05
-0.9005599030083883,-0.8428060259972951,-0.7863801658685105,2.2208161681192e-05
-0.956277870373006,-0.8984585055325004,-0.8420054906950688,2.1334706919636424e-05
-1.011995837737624,-0.9541109850677055,-0.897630815521627,2.046125215808085e-05
-1.0677138051022417,-1.0097634646029108,-0.9532561403481851,1.9587797396525275e-05
-1.1234317724668597,-1.0654159441381161,-1.0088814651747433,3.7285963117028587e-05
0.005540056906881821,-1.1210684236733215,-1.0645067900013017,1.5627943412255263e-05
-1.3760321643535212,0.006576474405712496,-1.1201321148278598,1.4984065273893066e-05
-1.417105363194596,-1.373371922974775,0.0069625675389468275,1.6037641011456387e-05
-1.349897419354254,-1.4143968466405994,-1.372312506801996,1.709121674901971e-05
-1.282689475513912,-1.347267895315052,-1.41331741303358,1.8144792486583034e-05
-1.2154815316735699,-1.280138943989505,-1.3462212161716298,1.919836822414636e-05
-1.1482735878332275,-1.2130099926639575,-1.2791250193096797,2.025194396170968e-05
-1.0810656439928856,-1.1458810413384102,-1.2120288224477296,2.1305519699273e-05
-1.013857700152544,-1.0787520900128629,-1.1449326255857792,2.235909543683632e-05
-0.9466497563122018,-1.0116231386873158,-1.0778364287238291,2.3412671174399646e-05
-0.8794418124718597,-0.9444941873617686,-1.0107402318618794,2.4466246911962968e-05
-0.8122338686315177,-0.8773652360362212,-0.9436440349999293,2.551982264952629e-05
-0.7450259247911757,-0.810236284710674,-0.8765478381379791,2.657339838708961e-05
-0.6778179809508337,-0.7431073333851268,-0.809451641276029,2.7626974124652933e-05
-0.6106100371104917,-0.6759783820595796,-0.742355444414079,2.868054986221625e-05
-0.54340209327015,-0.6088494307340323,-0.675259247552129,2.9734125599779577e-05
-0.47619414942980776,-0.5417204794084853,-0.6081630506901788,3.07877013373429e-05
-0.40898620558946575,-0.4745915280829379,-0.541066853828229,3.184127707490623e-05
-0.34177826174912335,-0.4074625767573907,-0.47397065696627877,3.289485281246954e-05
-0.2745703179087818,-0.3403336254318431,-0.4068744601043287,3.394842855003287e-05
-0.20736237406843935,-0.2732046741062963,-0.33977826324237825,3.500200428759619e-05
-0.14015443022809737,-0.20607572278074865,-0.27268206638042863,3.605558002515952e-05
-0.07294648638775494,-0.13894677145520143,-0.20558586951847815,3.710915576272284e-05
-0.005738542547412956,-0.07181782012965378,-0.1384896726565281,3.816273150028616e-05
0.0614694012929286,-0.004688868804106566,-0.07139347579457761,3.921630723784948e-05
0.1286773451332706,0.06244008252144022,-0.004297278932627566,4.02698829754128e-05
0.19588528897361257,0.12956903384698742,0.06279891792932205,4.132345871297613e-05
0.26309323281395497,0.19669798517253465,0.1298951147912721,4.237703445053944e-05
0.3303011766542961,0.2638269364980823,0.19699131165322215,4.343061018810277e-05
0.397509120494639,0.33095588782362867,0.26408750851517265,4.448418592566609e-05
0.4647170643349805,0.3980848391491767,0.33118370537712183,4.5537761663229416e-05
0.531925008175323,0.4652137904747235,0.3982799022390727,4.659133740079274e-05
0.599132952015665,0.5323427418002712,0.46537609910102234,4.764491313835606e-05
0.6663408958560069,0.5994716931258184,0.5324722959629729,5.2480787417152897e-05
0.9748229113018101,0.6666006444513656,0.5995684928249229,5.731666169594973e-05
1.2833049267476133,0.9747200871300727,0.666664689686873,6.215253597474657e-05
1.5917869421934165,1.28283952980878,0.9746337905701326,6.69884102535434e-05
1.9002689576392198,1.5909589724874873,1.2826028914533922,6.322057431264381e-05
1.6599174600798117,1.8990784151661944,1.5905719923366517,5.945273837174422e-05
1.419565962520404,1.6590094135163773,1.8985410932199114,5.568490243084463e-05
1.1792144649609964,1.4189404118665605,1.6585892292762563,5.191706648994503e-05
0.9388629674015884,1.1788714102167437,1.4186373653326017,4.814923054904544e-05
0.6985114698421808,0.9388024085669265,1.178685501388947,4.438139460814585e-05
0.4581599722827732,0.6987334069171097,0.938733637445292,4.061355866724625e-05
0.21780847472336515,0.45866440526729296,0.6987817735016375,3.920782182831317e-05
0.1281360580598824,0.21859540361747576,0.45882990955798286,3.923248532373691e-05
0.1297093505686664,0.12902838297260655,0.21887804561432783,3.925714881916065e-05
0.1312826430774508,0.13059982632004624,0.12935472771856,3.9281812314584384e-05
0.13285593558623476,0.1321712696674864,0.1309254043061606,3.9306475810008126e-05
0.13442922809501917,0.13374271301492613,0.1324960808937616,3.933113930543186e-05
0.13600252060380316,0.13531415636236627,0.1340667574813622,3.93558028008556e-05
0.13757581311258713,0.136885599709806,0.13563743406896325,3.938046629627934e-05
0.13914910562137153,0.1384570430572457,0.13720811065656385,3.9405129791703074e-05
0.14072239813015552,0.14002848640468588,0.13877878724416445,3.9429793287126816e-05
0.14229569063893993,0.14159992975212557,0.14034946383176547,3.945445678255055e-05
0.1438689831477239,0.14317137309956574,0.14192014041936607,3.9479120277974286e-05
0.14544227565650789,0.14474281644700546,0.14349081700696711,3.950378377339803e-05
0.1470155681652923,0.14631425979444518,0.1450614935945677,3.952844726882176e-05
0.14858886067407626,0.14788570314188532,0.1466321701821683,3.955311076424551e-05
0.1501621531828611,0.14945714648932504,0.14820284676976933,3.957777425966924e-05
0.15173544569164465,0.15102858983676562,0.14977352335736993,3.9602437755092976e-05
0.15330873820042862,0.1526000331842049,0.1513441999449714,3.962710125051672e-05
0.15488203070921303,0.15417147653164462,0.15291487653257155,3.965176474594045e-05
0.15645532321799702,0.15574291987908478,0.15448555312017215,3.96764282413642e-05
0.15802861572678187,0.1573143632265245,0.1560562297077732,3.970109173678793e-05
0.1596019082355654,0.1588858065739651,0.15762690629537376,4.022209031973034e-05
0.1928365797023491,0.16045724992140437,0.15919758288297525,4.074308890267275e-05
0.22607125116913282,0.19365285918619934,0.1607682594705754,4.126408748561517e-05
0.25930592263591695,0.22684846845099432,0.19394767148584124,4.1785086068557575e-05
0.2925405941027003,0.26004407771578975,0.22712708350110708,4.230608465149999e-05
0.325775265569484,0.2932396869805843,0.26030649551637336,4.28270832344424e-05
0.3590099370362677,0.32643529624537926,0.2934859075316387,4.334808181738481e-05
0.39224460850305143,0.35963090551017424,0.3266653195469046,4.386908040032722e-05
0.42547927996983514,0.39282651477496916,0.3598447315621704,4.439007898326963e-05
0.4587139514366188,0.42602212403976414,0.39302414357743626,4.491107756621204e-05
0.4919486229034025,0.4592177333045591,0.42620355559270207,4.543207614915445e-05
0.5251832943701858,0.4924133425693541,0.45938296760796793,4.595307473209687e-05
0.5584179658369705,0.5256089518341487,0.49256237962323374,4.647407331503928e-05
0.5916526373037537,0.5588045610989445,0.5257417916384991,4.699507189798169e-05
0.6248873087705374,0.5920001703637391,0.5589212036537659,4.75160704809241e-05
0.6581219802373212,0.625195779628534,0.5921006156690313,4.803706906386651e-05
0.6913566517041049,0.6583913888933289,0.625280027684297,4.855806764680892e-05
0.7245913231708886,0.691586998158124,0.6584594396995629,4.907906622975133e-05
0.7578259946376719,0.7247826074229189,0.6916388517148288,4.960006481269375e-05
0.7910606661044564,0.7579782166877135,0.7248182637300946,5.012106339563616e-05
0.8242953375712401,0.7911738259525093,0.75799767574536,5.064206197857857e-05
0.8575300090380235,0.8243694352173043,0.7911770877606267,5.116306056152098e-05
0.8907646805048072,0.8575650444820988,0.8243564997758925,5.168405914446339e-05
0.9239993519715909,0.8907606537468938,0.857535911791158,6.0454506456153465e-05
1.483469079076348,0.9239562630116888,0.8907153238064237,6.922495376784354e-05
2.0429388061811053,1.4827684202196412,0.9238947358216896,7.799540107953363e-05
2.602408533285863,2.041580577427594,1.482434229862715,8.67658483912237e-05
3.1618782603906204,2.600392734635547,2.04097372390374,9.553629570291378e-05
3.7213479874953777,3.1592048918434994,2.5995132179447666,8.979079120763345e-05
3.3548403604819708,3.718017049051452,3.1580527119857917,8.404528671235312e-05
2.9883327334685643,3.3519401949124252,3.7165922060268173,7.829978221707279e-05
2.6218251064551574,2.985863340773398,3.3506939730453666,7.255427772179246e-05
2.255317479441751,2.619786486634371,2.984795740063916,6.680877322651213e-05
1.888809852428344,2.253709632495344,2.6188975070824654,6.10632687312318e-05
1.5223022254149374,1.887632778356317,2.2529992741010147,5.531776423595147e-05
1.1557945984015305,1.52155592421729,1.8871010411195643,4.957225974067114e-05
0.789286971388124,1.155479070078263,1.5212028081381137,4.956178881085097e-05
0.7886190273208679,0.789402215939236,1.155304575156663,4.955131788103079e-05
0.7879510832536114,0.7887350569366405,0.7894063421752125,4.954084695121062e-05
0.7872831391863554,0.7880678979340444,0.7887395087018385,4.9530376021390445e-05
0.7866151951190993,0.7874007389314489,0.788072675228464,4.9519905091570266e-05
0.7859472510518428,0.7867335799288534,0.78740584175509,4.950943416175009e-05
0.7852793069845868,0.7860664209262574,0.786739008281716,4.9498963231929913e-05
0.7846113629173304,0.7853992619236619,0.7860721748083415,4.948849230210974e-05
0.7839434188500742,0.784732102921066,0.7854053413349674,4.947802137228957e-05
0.7832754747828182,0.7840649439184704,0.7847385078615929,4.946755044246939e-05
0.7826075307155618,0.7833977849158749,0.7840716743882189,4.9457079512649216e-05
0.7819395866483058,0.7827306259132789,0.7834048409148449,4.888776553949962e-05
0.7456228605024927,0.7820634669106834,0.7827380074414704,4.831845156635003e-05
0.7093061343566801,0.7457894254441426,0.7820711739680963,4.774913759320043e-05
0.6729894082108672,0.7095153839776023,0.7458148318212571,4.7694321983726697e-05
0.6694927024006089,0.6732413425110615,0.7095584896744183,4.763950637425296e-05
0.6659959965903506,0.6697487465361838,0.673302147527579,4.758469076477923e-05
0.6624992907800923,0.666256150561306,0.6698112557072494,4.7529875155305495e-05
0.659002584969834,0.6627635545864283,0.66632036388692,4.747505954583176e-05
0.6555058791595758,0.6592709586115506,0.6628294720665905,8.038000669330359e-05
2.7545233119939136,0.6557783626366729,0.659338580246261,3.5387385651119985e-05
-0.11557082592384127,2.7523287260125024,0.6558476884259314,4.108554639969952e-05
0.24791672787032307,-0.11439206136516689,2.7513750746629735,4.678370714827906e-05
0.6114042816644879,0.2486682691823079,-0.11394694363191915,4.757831720780814e-05
0.6620927194784726,0.6117285997297831,0.24893623762086722,4.837292726733722e-05
0.7127811572924568,0.662357461146319,0.6118194188736541,6.373411451932043e-05
1.692676359264319,0.7129863225628545,0.6624235767730713,7.909530177130363e-05
2.6725715612361802,1.6917298096954267,0.713027734672488,9.445648902328684e-05
3.6524667632080425,2.670473296827998,1.6912936600781567,6.818640486017101e-05
1.9766894287763708,3.6492167839605703,2.6695595854838245,4.19163206970552e-05
0.30091209434469995,1.9754090658914718,3.6478255108894935,3.839069977402687e-05
0.07601157267434251,0.30160134782237424,1.9748344996642764,3.4865078850998545e-05
-0.14888894899601454,0.07696516183572105,0.3018434884390599,3.1339457927970214e-05
-0.373789470666372,-0.14767102415093167,0.0773169099709396,2.7813837004941887e-05
-0.5986899923367293,-0.37230721013758483,-0.14720966849718028,2.428821608191356e-05
-0.8235905140070865,-0.5969433961242377,-0.3717362469653006,4.483600059757009e-05
0.48715943830822467,-0.8215795821108908,-0.5962628254334207,5.0814553105738014e-05
0.8685332749388696,0.4876297869179197,-0.8207894039015408,5.6793105613905936e-05
1.2499071115695144,0.8685553777503603,0.48778115802880984,5.230333522376896e-05
0.9635031773500056,1.2494809685828008,0.8685208825077356,4.781356483363197e-05
0.6770992431304957,0.9634136577699663,1.2492606069866614,4.332379444349499e-05
0.3906953089109864,0.6773463469571309,0.9633328779955794,3.883402405335801e-05
0.10429137469147709,0.39127903614429593,0.6774051490044966,3.690804032885353e-05
-0.018567762415531208,0.10521172533146093,0.3914774200134142,3.4982056604349054e-05
-0.1414268995225395,-0.017503009913936288,0.10554969102233173,3.784649470617296e-05
0.04129655187997212,-0.14021774515933352,-0.01710516759384573,4.071093280799687e-05
0.22402000328248375,0.042290943164388604,-0.1397600262100232,4.357537090982078e-05
0.40674345468499584,0.22479963148811072,0.04265961001218649,4.643980901164469e-05
0.5894669060875074,0.40730831981183324,0.22507924623439618,3.021163956873352e-05
-0.4457333758335416,0.5898170081355554,0.40749888245660626,3.811571150436066e-05
0.05846998024243772,-0.4441665564019138,0.589918518678816,2.696396222745534e-05
-0.652903784739296,0.05944418682521802,-0.44356053064791406,2.735212729021441e-05
-0.6281426073425677,-0.6510934686217793,0.05980448403094691,5.4958965847617947e-05
1.132906730853541,-0.6263613941489032,-0.6503864762970266,4.965523476130329e-05
0.794579975325073,1.1326181036689273,-0.6256664694315986,5.936505112913437e-05
1.4139723643890854,0.7946889987709419,1.1324547633784854,7.141113746911287e-05
2.182396185637653,1.4133533881423415,0.794690545408513,2.3579794287797995e-05
-0.8687809739395712,2.1808740463628475,1.413053067704375,2.766286979749566e-05
-0.6083202402990117,-0.8667169276662523,2.1801992268903616,3.2572537747910246e-05
-0.2951309021985234,-0.6065623252235827,-0.8659047254342911,2.6571897251415063e-05
-0.6779137388906902,-0.29374109261791864,-0.6058770611351062,3.715442562679527e-05
-0.00285076298514206,-0.6760740274508287,-0.29320846448566484,4.773695400217548e-05
0.6722122129204058,-0.0018044833788492742,-0.6753548462747884,3.8676360418321565e-05
0.09423395940427612,0.67246506069313,-0.0014143008956214872,2.961576683446765e-05
-0.48374429411185355,0.09516613097613906,0.6725262444835451,3.559961260179989e-05
-0.1020327987330387,-0.4821327987408518,0.09550899824893727,1.90479127013532e-05
-1.157871195262702,-0.10086994602573268,-0.4815082479856706,1.837092349887825e-05
-1.2010565598058183,-1.1554673682688312,-0.1004314261854342,2.5745152925082948e-05
-0.7306520321841143,-1.198601975113487,-1.1545142750262312,3.75475058262964e-05
0.022223952605709762,-0.7287503350595973,-1.1976278350515672,4.9349858727509854e-05
0.7750999373955338,0.02324076077262939,-0.7280054513488692,6.115221162872331e-05
1.527975922185358,0.7752318566048562,0.02361872284243431,7.295456452993676e-05
2.280851906975182,1.5272229524370828,0.7752428970337377,2.7246216632192954e-05
-0.6348986831543189,2.2792140482693095,1.5268670712250412,4.860305489273742e-05
0.7274610744285311,-0.6331095292413285,2.278491245416345,2.813538321788656e-05
-0.5781784533451043,0.727648985733024,-0.6324113118829076,2.429201140330406e-05
-0.8233484092036306,-0.5764559652655904,0.727683243438223,1.9817990505544003e-05
-1.1087476781091585,-0.8213377618640836,-0.575785391078443,2.726033198996447e-05
-0.6339982598258657,-1.1064015881912015,-0.8205477016469309,2.9400410312518943e-05
-0.4974819576862391,-0.6322101642208523,-1.105472435785985,3.1540488635073416e-05
-0.3609656555466126,-0.4958543158222614,-0.6315123856927459,4.726051884063054e-05
0.6418202568046242,-0.3594984674236705,-0.4952230698793428,4.462181186681846e-05
0.47349626851951787,0.6421088256083148,-0.35893375406593964,4.1983104893006384e-05
0.30517228023441156,0.4739826760662969,0.6421848212225021,2.3211616280605085e-05
-0.8922671704686393,0.3058565265242789,0.474140706059633,6.12930398347089e-05
1.5369593998999322,-0.8901755198137432,0.3060965908967639,4.427604017109843e-05
0.4514393779904352,1.5361958714668391,-0.8893518713490111,2.725904050748796e-05
-0.6340806439190613,0.4519517099912577,1.5358356120670869,4.340234772826079e-05
0.3957062488584311,-0.6322924514843233,0.45212048963079066,1.8329926660953788e-05
-1.2036717616205745,0.39628408650897223,-0.6315946328055052,2.4168783966160845e-05
-0.8312091280678144,-1.2012141031640982,0.3964800282463912,2.9528356662922303e-05
-0.489320217788571,-0.8291892416723509,-1.2002386885574186,3.488792935968377e-05
-0.14743130750932704,-0.4877021687840497,-0.8283953504552424,5.466123366204556e-05
1.1139142965234856,-0.14621509589574813,-0.4870749005466982,7.443453796440735e-05
2.375259900556298,1.1136479919999158,-0.14575445063815357,6.061566182324896e-05
1.4937492331034077,2.3735110798955796,1.1134939078622936,4.679678568209056e-05
0.6122385656505165,1.4930364915199774,2.372742266362741,2.3213461645354982e-05
-0.8921494540425161,0.6125619031443742,1.4926972910271712,2.3048201910569333e-05
-0.9026914270384312,-0.8900579417450224,0.6126523156916006,4.095166877959855e-05
0.23937663032210696,-0.9005875242866211,-0.8892343506505679,2.79506766673876e-05
-0.5899609451302582,0.24013820919428747,-0.8997587954561936,2.957731339847669e-05
-0.48619725147828424,-0.5882246085589817,0.24041033973479897,3.120395012956578e-05
-0.3824335578263101,-0.4845828730363241,-0.5875482920566225,5.530780799745117e-05
1.1551594866633494,-0.38094113751366626,-0.48395712680783765,4.510440703597851e-05
0.5042811735530581,1.1548447048154313,-0.38036596155905256,2.006139766308479e-05
-1.0932206552373402,0.5047313982183597,1.1546705194218891,5.216341378400102e-05
0.9545775425515692,-1.0908928149267039,0.5048744248803387,2.52642475970788e-05
-0.7613291416928947,0.9544985136709708,-1.0899712297713744,2.815250481944532e-05
-0.5770862607337982,-0.7593913883838218,0.954422083893971,3.1040762041811835e-05
-0.39284337977470224,-0.5753650563573124,-0.7586315538769636,3.392901926417835e-05
-0.20860049881560602,-0.39133872433080336,-0.5746950144611572,3.681727648654487e-05
-0.02435761785650982,-0.20731239230429413,-0.3907584750453514,3.970553370891139e-05
0.15988526310258638,-0.023286060277784917,-0.20682193562954526,3.604101584642194e-05
-0.07387554015368514,0.1607402717487243,-0.022885396213739136,4.812391944142291e-05
0.6968968659376092,-0.07274578193696782,0.16105114320206698,6.020682303642389e-05
1.467669272028904,0.6971207007290212,-0.07232098481824709,2.907567250076681e-05
-0.5181970898185991,1.4669871833950108,0.69716985420691,1.556825100124115e-05
-1.379839962942742,-0.5165451005294818,1.4666606932320674,1.997931644837081e-05
-1.0984566429999312,-1.3771752460873006,-0.5159037588597403,2.4390381895500468e-05
-0.8170733230571202,-1.0961226485977222,-1.3761139741457962,3.333120366733056e-05
-0.24673535293890733,-0.8150700511081438,-1.09519851163139,1.870188134489581e-05
-1.1799446496358748,-0.2454024248208567,-0.8142830491169837,2.272206256748177e-05
-0.9234959633169989,-1.1775148787197307,-0.24489338274355285,2.674224379006773e-05
