date,feature_index,NO2
2020-05-31 00:00:00+00:00,0,1.6305584722431377e-05
2020-06-01 00:00:00+00:00,0,1.6305584722431377e-05
2020-06-02 00:00:00+00:00,0,1.6305584722431377e-05
2020-06-03 00:00:00+00:00,0,1.6305584722431377e-05
2020-06-04 00:00:00+00:00,0,2.8431577447918244e-05
2020-06-05 00:00:00+00:00,0,1.730676331135328e-05
2020-06-06 00:00:00+00:00,0,2.101172352316401e-05
2020-06-07 00:00:00+00:00,0,2.4716683734974747e-05
2020-06-08 00:00:00+00:00,0,2.842164394678548e-05
2020-06-09 00:00:00+00:00,0,5.980204514344223e-05
2020-06-10 00:00:00+00:00,0,3.29461763612926e-05
2020-06-11 00:00:00+00:00,0,6.946231951587833e-05
2020-06-12 00:00:00+00:00,0,3.754280260181986e-05
2020-06-13 00:00:00+00:00,0,3.528413435560651e-05
2020-06-14 00:00:00+00:00,0,4.002387595392065e-05
2020-06-15 00:00:00+00:00,0,4.476361755223479e-05
2020-06-16 00:00:00+00:00,0,2.2981967276791693e-05
2020-06-17 00:00:00+00:00,0,2.8545226086862385e-05
2020-06-18 00:00:00+00:00,0,2.6615774004312694e-05
2020-06-19 00:00:00+00:00,0,3.5639418456412386e-05
2020-06-20 00:00:00+00:00,0,2.922912199210259e-05
2020-06-21 00:00:00+00:00,0,2.28188255277928e-05
2020-06-22 00:00:00+00:00,0,2.9734444979112595e-05
2020-06-23 00:00:00+00:00,0,3.528559682308696e-05
2020-06-24 00:00:00+00:00,0,1.8164659195463173e-05
2020-06-25 00:00:00+00:00,0,4.96904303872725e-05
2020-06-26 00:00:00+00:00,0,4.626004374586046e-05
2020-06-27 00:00:00+00:00,0,3.738655686902348e-05
2020-06-28 00:00:00+00:00,0,2.3868325115472544e-05
2020-06-29 00:00:00+00:00,0,2.3494685592595488e-05
2020-06-30 00:00:00+00:00,0,3.167413524352014e-05
2020-07-01 00:00:00+00:00,0,3.9853584894444793e-05
2020-07-02 00:00:00+00:00,0,2.052628406090662e-05
2020-07-03 00:00:00+00:00,0,2.7545460397959687e-05
2020-07-04 00:00:00+00:00,0,2.3623560991836712e-05
2020-07-05 00:00:00+00:00,0,5.738553227274679e-06
2020-07-06 00:00:00+00:00,0,1.1988441201538079e-05
2020-07-07 00:00:00+00:00,0,1.823832917580148e-05
2020-07-08 00:00:00+00:00,0,3.953920531785116e-05
2020-07-09 00:00:00+00:00,0,9.449944263906218e-05
2020-07-10 00:00:00+00:00,0,3.567706517060287e-05
2020-07-11 00:00:00+00:00,0,3.901401214534417e-05
2020-07-12 00:00:00+00:00,0,2.5514515073155053e-05
2020-07-13 00:00:00+00:00,0,1.4093015579419443e-05
2020-07-14 00:00:00+00:00,0,1.686599716776982e-05
2020-07-15 00:00:00+00:00,0,1.5218218322843313e-05
2020-07-16 00:00:00+00:00,0,1.3570439477916807e-05
2020-07-17 00:00:00+00:00,0,1.19226606329903e-05
2020-07-18 00:00:00+00:00,0,2.5342711523990147e-05
2020-07-19 00:00:00+00:00,0,3.583833313314244e-05
2020-07-20 00:00:00+00:00,0,2.4163224225048907e-05
2020-07-21 00:00:00+00:00,0,1.957483618753031e-05
2020-07-22 00:00:00+00:00,0,3.2009382266551256e-05
2020-07-23 00:00:00+00:00,0,3.122043563053012e-05
2020-07-24 00:00:00+00:00,0,2.314168159500696e-05
2020-07-25 00:00:00+00:00,0,3.087793811573647e-05
2020-07-26 00:00:00+00:00,0,1.5376091596408514e-05
2020-07-27 00:00:00+00:00,0,4.547862226900179e-05
2020-07-28 00:00:00+00:00,0,3.3778658689698204e-05
2020-07-29 00:00:00+00:00,0,3.3723912565619685e-05
2020-07-30 00:00:00+00:00,0,3.3669166441541165e-05
2020-07-31 00:00:00+00:00,0,3.302231471025152e-05
2020-08-01 00:00:00+00:00,0,3.4164889257226605e-05
2020-08-02 00:00:00+00:00,0,3.530746380420169e-05
2020-08-03 00:00:00+00:00,0,3.093880968663143e-05
2020-08-04 00:00:00+00:00,0,6.794188084313646e-05
2020-08-05 00:00:00+00:00,0,9.062695608008652e-05
2020-08-06 00:00:00+00:00,0,3.969694807892665e-05
2020-08-07 00:00:00+00:00,0,5.604451143881306e-05
2020-08-08 00:00:00+00:00,0,4.224567237542942e-05
2020-08-09 00:00:00+00:00,0,1.6168979982467135e-05
2020-08-10 00:00:00+00:00,0,2.3225812356031383e-05
2020-08-11 00:00:00+00:00,0,3.028264472959563e-05
2020-08-12 00:00:00+00:00,0,1.886181598820258e-05
2020-08-13 00:00:00+00:00,0,3.788414778682636e-05
2020-08-14 00:00:00+00:00,0,4.205717777949758e-05
2020-08-15 00:00:00+00:00,0,2.3475210582546424e-05
2020-08-16 00:00:00+00:00,0,1.9766157492995266e-05
2020-08-17 00:00:00+00:00,0,1.6543255696888082e-05
2020-08-18 00:00:00+00:00,0,1.33203539007809e-05
2020-08-19 00:00:00+00:00,0,2.8222771106811703e-05
2020-08-20 00:00:00+00:00,0,2.7413183488533832e-05
2020-08-21 00:00:00+00:00,0,1.8607048332341947e-05
2020-08-22 00:00:00+00:00,0,4.614894351107068e-06
2020-08-23 00:00:00+00:00,0,3.175748497596942e-05
2020-08-24 00:00:00+00:00,0,1.881111029433669e-05
2020-08-25 00:00:00+00:00,0,2.1963290237181354e-05
2020-08-26 00:00:00+00:00,0,2.211410719610285e-05
2020-08-27 00:00:00+00:00,0,2.362476425332716e-05
2020-08-28 00:00:00+00:00,0,2.6401356990390923e-05
2020-08-29 00:00:00+00:00,0,2.917794972745469e-05
2020-08-30 00:00:00+00:00,0,2.7595300707616843e-05
2020-08-31 00:00:00+00:00,0,2.32366555792396e-05
2020-09-01 00:00:00+00:00,0,2.233877194157685e-05
2020-09-02 00:00:00+00:00,0,2.7140533120473265e-05
2020-09-03 00:00:00+00:00,0,3.194229429936968e-05
2020-09-04 00:00:00+00:00,0,2.849377597158309e-05
2020-09-05 00:00:00+00:00,0,2.7351507014827803e-05
2020-09-06 00:00:00+00:00,0,2.44789644057164e-05
2020-09-07 00:00:00+00:00,0,2.60923716268735e-05
2020-09-08 00:00:00+00:00,0,3.042449407075765e-05
2020-09-09 00:00:00+00:00,0,1.910244463942945e-05
2020-09-10 00:00:00+00:00,0,3.348642712808214e-05
2020-09-11 00:00:00+00:00,0,2.304106237716041e-05
2020-09-12 00:00:00+00:00,0,2.8580140678968743e-05
2020-09-13 00:00:00+00:00,0,3.530067624524236e-05
2020-09-14 00:00:00+00:00,0,3.36075245286338e-05
2020-09-15 00:00:00+00:00,0,2.938102261396125e-05
2020-09-16 00:00:00+00:00,0,2.7142825274495408e-05
2020-09-17 00:00:00+00:00,0,3.012323941220529e-05
2020-09-18 00:00:00+00:00,0,2.4787694201222618e-05
2020-09-19 00:00:00+00:00,0,1.9452148990239948e-05
2020-09-20 00:00:00+00:00,0,2.2916805392014797e-05
2020-09-21 00:00:00+00:00,0,2.0680261513916776e-05
2020-09-22 00:00:00+00:00,0,4.660011290980037e-05
2020-09-23 00:00:00+00:00,0,2.367035631323233e-05
2020-09-24 00:00:00+00:00,0,2.9846057259419467e-05
2020-09-25 00:00:00+00:00,0,3.239790112274932e-05
2020-09-26 00:00:00+00:00,0,3.2758423913037404e-05
2020-09-27 00:00:00+00:00,0,3.022638520633336e-05
2020-09-28 00:00:00+00:00,0,1.6210050489462446e-05
2020-09-29 00:00:00+00:00,0,3.580267002689652e-05
2020-09-30 00:00:00+00:00,0,9.925049198500346e-06
2020-10-01 00:00:00+00:00,0,2.122187333952752e-05
2020-10-02 00:00:00+00:00,0,1.794606760086026e-05
2020-10-03 00:00:00+00:00,0,1.8026702491624743e-05
2020-10-04 00:00:00+00:00,0,3.557423451638897e-05
2020-10-05 00:00:00+00:00,0,5.312176654115319e-05
2020-10-06 00:00:00+00:00,0,4.160741627856624e-05
2020-10-07 00:00:00+00:00,0,5.654278902511578e-05
2020-10-08 00:00:00+00:00,0,4.466655809665099e-05
2020-10-09 00:00:00+00:00,0,3.253277827752754e-05
2020-10-10 00:00:00+00:00,0,2.0398998458404094e-05
2020-10-11 00:00:00+00:00,0,8.265218639280647e-06
2020-10-12 00:00:00+00:00,0,2.508808574930299e-05
2020-10-13 00:00:00+00:00,0,2.6519535822444595e-05
2020-10-14 00:00:00+00:00,0,3.420431494305376e-05
2020-10-15 00:00:00+00:00,0,5.76873298996361e-05
2020-10-16 00:00:00+00:00,0,2.19553603528766e-05
2020-10-17 00:00:00+00:00,0,2.8082270243127524e-05
2020-10-18 00:00:00+00:00,0,3.4209180133378446e-05
2020-10-19 00:00:00+00:00,0,4.033609002362937e-05
2020-10-20 00:00:00+00:00,0,4.6462999913880296e-05
2020-10-21 00:00:00+00:00,0,5.2589909804131224e-05
2020-10-22 00:00:00+00:00,0,5.871681969438214e-05
2020-10-23 00:00:00+00:00,0,6.433971248043235e-05
2020-10-24 00:00:00+00:00,0,3.682880924316123e-05
2020-10-25 00:00:00+00:00,0,1.937842262123013e-05
2020-10-26 00:00:00+00:00,0,2.3313711305187702e-05
2020-10-27 00:00:00+00:00,0,2.724899998914528e-05
2020-10-28 00:00:00+00:00,0,3.1184288673102856e-05
2020-10-29 00:00:00+00:00,0,3.0200388512942784e-05
2020-10-30 00:00:00+00:00,0,2.9216488352782715e-05
2020-10-31 00:00:00+00:00,0,2.8232588192622643e-05
2020-11-01 00:00:00+00:00,0,2.724868803246257e-05
2020-11-02 00:00:00+00:00,0,2.6264787872302502e-05
2020-11-03 00:00:00+00:00,0,2.528088771214243e-05
2020-11-04 00:00:00+00:00,0,2.4296987551982358e-05
2020-11-05 00:00:00+00:00,0,2.3313087391822286e-05
2020-11-06 00:00:00+00:00,0,2.2329187231662218e-05
2020-11-07 00:00:00+00:00,0,5.0950799050042406e-05
2020-11-08 00:00:00+00:00,0,3.060350809391821e-05
2020-11-09 00:00:00+00:00,0,5.825655898661353e-05
2020-11-10 00:00:00+00:00,0,2.482852596585872e-05
2020-11-11 00:00:00+00:00,0,2.3955071204303145e-05
2020-11-12 00:00:00+00:00,0,2.308161644274757e-05
2020-11-13 00:00:00+00:00,0,2.2208161681191996e-05
2020-11-14 00:00:00+00:00,0,2.1334706919636424e-05
2020-11-15 00:00:00+00:00,0,2.046125215808085e-05
2020-11-16 00:00:00+00:00,0,1.9587797396525275e-05
2020-11-17 00:00:00+00:00,0,3.7285963117028587e-05
2020-11-18 00:00:00+00:00,0,1.5627943412255263e-05
2020-11-19 00:00:00+00:00,0,1.4984065273893066e-05
2020-11-20 00:00:00+00:00,0,1.6037641011456387e-05
2020-11-21 00:00:00+00:00,0,1.709121674901971e-05
2020-11-22 00:00:00+00:00,0,1.8144792486583034e-05
2020-11-23 00:00:00+00:00,0,1.9198368224146356e-05
2020-11-24 00:00:00+00:00,0,2.0251943961709678e-05
2020-11-25 00:00:00+00:00,0,2.1305519699273e-05
2020-11-26 00:00:00+00:00,0,2.235909543683632e-05
2020-11-27 00:00:00+00:00,0,2.3412671174399646e-05
2020-11-28 00:00:00+00:00,0,2.4466246911962968e-05
2020-11-29 00:00:00+00:00,0,2.551982264952629e-05
2020-11-30 00:00:00+00:00,0,2.657339838708961e-05
2020-12-01 00:00:00+00:00,0,2.7626974124652933e-05
2020-12-02 00:00:00+00:00,0,2.8680549862216255e-05
2020-12-03 00:00:00+00:00,0,2.9734125599779577e-05
2020-12-04 00:00:00+00:00,0,3.07877013373429e-05
2020-12-05 00:00:00+00:00,0,3.184127707490623e-05
2020-12-06 00:00:00+00:00,0,3.289485281246954e-05
2020-12-07 00:00:00+00:00,0,3.394842855003287e-05
2020-12-08 00:00:00+00:00,0,3.500200428759619e-05
2020-12-09 00:00:00+00:00,0,3.6055580025159514e-05
2020-12-10 00:00:00+00:00,0,3.7109155762722836e-05
2020-12-11 00:00:00+00:00,0,3.816273150028616e-05
2020-12-12 00:00:00+00:00,0,3.921630723784948e-05
2020-12-13 00:00:00+00:00,0,4.02698829754128e-05
2020-12-14 00:00:00+00:00,0,4.132345871297613e-05
2020-12-15 00:00:00+00:00,0,4.2377034450539444e-05
2020-12-16 00:00:00+00:00,0,4.343061018810277e-05
2020-12-17 00:00:00+00:00,0,4.448418592566609e-05
2020-12-18 00:00:00+00:00,0,4.5537761663229416e-05
2020-12-19 00:00:00+00:00,0,4.659133740079274e-05
2020-12-20 00:00:00+00:00,0,4.764491313835606e-05
2020-12-21 00:00:00+00:00,0,5.2480787417152897e-05
2020-12-22 00:00:00+00:00,0,5.731666169594973e-05
2020-12-23 00:00:00+00:00,0,6.215253597474657e-05
2020-12-24 00:00:00+00:00,0,6.69884102535434e-05
2020-12-25 00:00:00+00:00,0,6.322057431264381e-05
2020-12-26 00:00:00+00:00,0,5.945273837174422e-05
2020-12-27 00:00:00+00:00,0,5.568490243084463e-05
2020-12-28 00:00:00+00:00,0,5.191706648994503e-05
2020-12-29 00:00:00+00:00,0,4.814923054904544e-05
2020-12-30 00:00:00+00:00,0,4.438139460814585e-05
2020-12-31 00:00:00+00:00,0,4.061355866724625e-05
2021-01-01 00:00:00+00:00,0,3.920782182831317e-05
2021-01-02 00:00:00+00:00,0,3.923248532373691e-05
2021-01-03 00:00:00+00:00,0,3.925714881916065e-05
2021-01-04 00:00:00+00:00,0,3.9281812314584384e-05
2021-01-05 00:00:00+00:00,0,3.9306475810008126e-05
2021-01-06 00:00:00+00:00,0,3.933113930543186e-05
2021-01-07 00:00:00+00:00,0,3.93558028008556e-05
2021-01-08 00:00:00+00:00,0,3.938046629627934e-05
2021-01-09 00:00:00+00:00,0,3.9405129791703074e-05
2021-01-10 00:00:00+00:00,0,3.9429793287126816e-05
2021-01-11 00:00:00+00:00,0,3.945445678255055e-05
2021-01-12 00:00:00+00:00,0,3.9479120277974286e-05
2021-01-13 00:00:00+00:00,0,3.950378377339803e-05
2021-01-14 00:00:00+00:00,0,3.952844726882176e-05
2021-01-15 00:00:00+00:00,0,3.9553110764245505e-05
2021-01-16 00:00:00+00:00,0,3.957777425966924e-05
2021-01-17 00:00:00+00:00,0,3.9602437755092976e-05
2021-01-18 00:00:00+00:00,0,3.962710125051672e-05
2021-01-19 00:00:00+00:00,0,3.965176474594045e-05
2021-01-20 00:00:00+00:00,0,3.9676428241364195e-05
2021-01-21 00:00:00+00:00,0,3.970109173678793e-05
2021-01-22 00:00:00+00:00,0,4.022209031973034e-05
2021-01-23 00:00:00+00:00,0,4.074308890267275e-05
2021-01-24 00:00:00+00:00,0,4.1264087485615164e-05
2021-01-25 00:00:00+00:00,0,4.1785086068557575e-05
2021-01-26 00:00:00+00:00,0,4.230608465149999e-05
2021-01-27 00:00:00+00:00,0,4.28270832344424e-05
2021-01-28 00:00:00+00:00,0,4.334808181738481e-05
2021-01-29 00:00:00+00:00,0,4.386908040032722e-05
2021-01-30 00:00:00+00:00,0,4.439007898326963e-05
2021-01-31 00:00:00+00:00,0,4.491107756621204e-05
2021-02-01 00:00:00+00:00,0,4.5432076149154454e-05
2021-02-02 00:00:00+00:00,0,4.5953074732096866e-05
2021-02-03 00:00:00+00:00,0,4.647407331503928e-05
2021-02-04 00:00:00+00:00,0,4.699507189798169e-05
2021-02-05 00:00:00+00:00,0,4.75160704809241e-05
2021-02-06 00:00:00+00:00,0,4.803706906386651e-05
2021-02-07 00:00:00+00:00,0,4.855806764680892e-05
2021-02-08 00:00:00+00:00,0,4.9079066229751334e-05
2021-02-09 00:00:00+00:00,0,4.9600064812693745e-05
2021-02-10 00:00:00+00:00,0,5.0121063395636156e-05
2021-02-11 00:00:00+00:00,0,5.064206197857857e-05
2021-02-12 00:00:00+00:00,0,5.116306056152098e-05
2021-02-13 00:00:00+00:00,0,5.168405914446339e-05
2021-02-14 00:00:00+00:00,0,6.0454506456153465e-05
2021-02-15 00:00:00+00:00,0,6.922495376784354e-05
2021-02-16 00:00:00+00:00,0,7.799540107953363e-05
2021-02-17 00:00:00+00:00,0,8.67658483912237e-05
2021-02-18 00:00:00+00:00,0,9.553629570291378e-05
2021-02-19 00:00:00+00:00,0,8.979079120763345e-05
2021-02-20 00:00:00+00:00,0,8.404528671235312e-05
2021-02-21 00:00:00+00:00,0,7.829978221707279e-05
2021-02-22 00:00:00+00:00,0,7.255427772179246e-05
2021-02-23 00:00:00+00:00,0,6.680877322651213e-05
2021-02-24 00:00:00+00:00,0,6.10632687312318e-05
2021-02-25 00:00:00+00:00,0,5.531776423595147e-05
2021-02-26 00:00:00+00:00,0,4.957225974067114e-05
2021-02-27 00:00:00+00:00,0,4.956178881085097e-05
2021-02-28 00:00:00+00:00,0,4.955131788103079e-05
2021-03-01 00:00:00+00:00,0,4.954084695121062e-05
2021-03-02 00:00:00+00:00,0,4.9530376021390445e-05
2021-03-03 00:00:00+00:00,0,4.9519905091570266e-05
2021-03-04 00:00:00+00:00,0,4.950943416175009e-05
2021-03-05 00:00:00+00:00,0,4.9498963231929913e-05
2021-03-06 00:00:00+00:00,0,4.948849230210974e-05
2021-03-07 00:00:00+00:00,0,4.947802137228957e-05
2021-03-08 00:00:00+00:00,0,4.946755044246939e-05
2021-03-09 00:00:00+00:00,0,4.9457079512649216e-05
2021-03-10 00:00:00+00:00,0,4.888776553949962e-05
2021-03-11 00:00:00+00:00,0,4.831845156635003e-05
2021-03-12 00:00:00+00:00,0,4.774913759320043e-05
2021-03-13 00:00:00+00:00,0,4.7694321983726697e-05
2021-03-14 00:00:00+00:00,0,4.763950637425296e-05
2021-03-15 00:00:00+00:00,0,4.758469076477923e-05
2021-03-16 00:00:00+00:00,0,4.7529875155305495e-05
2021-03-17 00:00:00+00:00,0,4.747505954583176e-05
2021-03-18 00:00:00+00:00,0,8.038000669330359e-05
2021-03-19 00:00:00+00:00,0,3.5387385651119985e-05
2021-03-20 00:00:00+00:00,0,4.1085546399699524e-05
2021-03-21 00:00:00+00:00,0,4.678370714827906e-05
2021-03-22 00:00:00+00:00,0,4.757831720780814e-05
2021-03-23 00:00:00+00:00,0,4.837292726733722e-05
2021-03-24 00:00:00+00:00,0,6.373411451932043e-05
2021-03-25 00:00:00+00:00,0,7.909530177130363e-05
2021-03-26 00:00:00+00:00,0,9.445648902328684e-05
2021-03-27 00:00:00+00:00,0,6.818640486017101e-05
2021-03-28 00:00:00+00:00,0,4.19163206970552e-05
2021-03-29 00:00:00+00:00,0,3.839069977402687e-05
2021-03-30 00:00:00+00:00,0,3.4865078850998545e-05
2021-03-31 00:00:00+00:00,0,3.1339457927970214e-05
2021-04-01 00:00:00+00:00,0,2.7813837004941887e-05
2021-04-02 00:00:00+00:00,0,2.428821608191356e-05
2021-04-03 00:00:00+00:00,0,4.483600059757009e-05
2021-04-04 00:00:00+00:00,0,5.0814553105738014e-05
2021-04-05 00:00:00+00:00,0,5.6793105613905936e-05
2021-04-06 00:00:00+00:00,0,5.2303335223768954e-05
2021-04-07 00:00:00+00:00,0,4.781356483363197e-05
2021-04-08 00:00:00+00:00,0,4.332379444349499e-05
2021-04-09 00:00:00+00:00,0,3.883402405335801e-05
2021-04-10 00:00:00+00:00,0,3.690804032885353e-05
2021-04-11 00:00:00+00:00,0,3.4982056604349054e-05
2021-04-12 00:00:00+00:00,0,3.784649470617296e-05
2021-04-13 00:00:00+00:00,0,4.071093280799687e-05
2021-04-14 00:00:00+00:00,0,4.357537090982078e-05
2021-04-15 00:00:00+00:00,0,4.643980901164469e-05
2021-04-16 00:00:00+00:00,0,3.021163956873352e-05
2021-04-17 00:00:00+00:00,0,3.811571150436066e-05
2021-04-18 00:00:00+00:00,0,2.696396222745534e-05
2021-04-19 00:00:00+00:00,0,2.735212729021441e-05
2021-04-20 00:00:00+00:00,0,5.4958965847617947e-05
2021-04-21 00:00:00+00:00,0,4.965523476130329e-05
2021-04-22 00:00:00+00:00,0,5.936505112913437e-05
2021-04-23 00:00:00+00:00,0,7.141113746911287e-05
2021-04-24 00:00:00+00:00,0,2.3579794287797995e-05
2021-04-25 00:00:00+00:00,0,2.766286979749566e-05
2021-04-26 00:00:00+00:00,0,3.2572537747910246e-05
2021-04-27 00:00:00+00:00,0,2.6571897251415063e-05
2021-04-28 00:00:00+00:00,0,3.715442562679527e-05
2021-04-29 00:00:00+00:00,0,4.773695400217548e-05
2021-04-30 00:00:00+00:00,0,3.8676360418321565e-05
2021-05-01 00:00:00+00:00,0,2.961576683446765e-05
2021-05-02 00:00:00+00:00,0,3.559961260179989e-05
2021-05-03 00:00:00+00:00,0,1.90479127013532e-05
2021-05-04 00:00:00+00:00,0,1.8370923498878252e-05
2021-05-05 00:00:00+00:00,0,2.5745152925082948e-05
2021-05-06 00:00:00+00:00,0,3.75475058262964e-05
2021-05-07 00:00:00+00:00,0,4.9349858727509854e-05
2021-05-08 00:00:00+00:00,0,6.115221162872331e-05
2021-05-09 00:00:00+00:00,0,7.295456452993676e-05
2021-05-10 00:00:00+00:00,0,2.7246216632192954e-05
2021-05-11 00:00:00+00:00,0,4.860305489273742e-05
2021-05-12 00:00:00+00:00,0,2.813538321788656e-05
2021-05-13 00:00:00+00:00,0,2.429201140330406e-05
2021-05-14 00:00:00+00:00,0,1.9817990505544003e-05
2021-05-15 00:00:00+00:00,0,2.726033198996447e-05
2021-05-16 00:00:00+00:00,0,2.9400410312518943e-05
2021-05-17 00:00:00+00:00,0,3.1540488635073416e-05
2021-05-18 00:00:00+00:00,0,4.726051884063054e-05
2021-05-19 00:00:00+00:00,0,4.462181186681846e-05
2021-05-20 00:00:00+00:00,0,4.1983104893006384e-05
2021-05-21 00:00:00+00:00,0,2.3211616280605085e-05
2021-05-22 00:00:00+00:00,0,6.12930398347089e-05
2021-05-23 00:00:00+00:00,0,4.427604017109843e-05
2021-05-24 00:00:00+00:00,0,2.7259040507487956e-05
2021-05-25 00:00:00+00:00,0,4.340234772826079e-05
2021-05-26 00:00:00+00:00,0,1.8329926660953788e-05
2021-05-27 00:00:00+00:00,0,2.4168783966160845e-05
2021-05-28 00:00:00+00:00,0,2.9528356662922306e-05
2021-05-29 00:00:00+00:00,0,3.488792935968377e-05
2021-05-30 00:00:00+00:00,0,5.466123366204556e-05
2021-05-31 00:00:00+00:00,0,7.443453796440735e-05
2021-06-01 00:00:00+00:00,0,6.0615661823248956e-05
2021-06-02 00:00:00+00:00,0,4.679678568209056e-05
2021-06-03 00:00:00+00:00,0,2.3213461645354982e-05
2021-06-04 00:00:00+00:00,0,2.3048201910569333e-05
2021-06-05 00:00:00+00:00,0,4.095166877959855e-05
2021-06-06 00:00:00+00:00,0,2.79506766673876e-05
2021-06-07 00:00:00+00:00,0,2.957731339847669e-05
2021-06-08 00:00:00+00:00,0,3.120395012956578e-05
2021-06-09 00:00:00+00:00,0,5.530780799745117e-05
2021-06-10 00:00:00+00:00,0,4.510440703597851e-05
2021-06-11 00:00:00+00:00,0,2.006139766308479e-05
2021-06-12 00:00:00+00:00,0,5.216341378400102e-05
2021-06-13 00:00:00+00:00,0,2.5264247597078796e-05
2021-06-14 00:00:00+00:00,0,2.8152504819445314e-05
2021-06-15 00:00:00+00:00,0,3.1040762041811835e-05
2021-06-16 00:00:00+00:00,0,3.392901926417835e-05
2021-06-17 00:00:00+00:00,0,3.681727648654487e-05
2021-06-18 00:00:00+00:00,0,3.970553370891139e-05
2021-06-19 00:00:00+00:00,0,3.604101584642194e-05
2021-06-20 00:00:00+00:00,0,4.812391944142291e-05
2021-06-21 00:00:00+00:00,0,6.020682303642389e-05
2021-06-22 00:00:00+00:00,0,2.907567250076681e-05
2021-06-23 00:00:00+00:00,0,1.556825100124115e-05
2021-06-24 00:00:00+00:00,0,1.997931644837081e-05
2021-06-25 00:00:00+00:00,0,2.4390381895500468e-05
2021-06-26 00:00:00+00:00,0,3.333120366733056e-05
2021-06-27 00:00:00+00:00,0,1.870188134489581e-05
2021-06-28 00:00:00+00:00,0,2.272206256748177e-05
2021-06-29 00:00:00+00:00,0,2.674224379006773e-05
