id_protein,feature1,feature2,feature3,feature4,feature5,feature6,feature7,class_label
P0001,0.0,0.0,0.0,0.0,0.0,0.0,0.0,class_label
P0002,0.0,0.0,0.0,0.0,0.0,0.0,0.0,class_label
P0003,0.0,0.0,0.0,0.0,0.0,0.0,0.0,class_label
P0004,0.0,0.0,0.0,0.0,0.0,0.0,0.0,class_label
P0005,0.0,0.0,0.0,0.0,0.0,0.0,0.0,class_label
P0006,0.0,0.0,0.0,0.0,0.0,0.0,0.0,class_label
P0007,0.0,0.0,0.0,0.0,0.0,0.0,0.0,class_label
P0008,0.0,0.0,0.0,0.0,0.0,0.0,0.0,class_label
P0009,0.0,0.0,0.0,0.0,0.0,0.0,0.0,class_label
P0010,0.0,0.0,0.0,0.0,0.0,0.0,0.0,class_label
P0011,0.0,0.0,0.0,0.0,0.0,0.0,0.0,class_label
P0012,0.0,0.0,0.0,0.0,0.0,0.0,0.0,class_label
P0013,0.0,0.0,0.0,0.0,0.0,0.0,0.0,class_label
P0014,0.0,0.0,0.0,0.0,0.0,0.0,0.0,class_label
P0015,0.0,0.0,0.0,0.0,0.0,0.0,0.0,class_label
P0016,0.0,0.0,0.0,0.0,0.0,0.0,0.0,class_label
P0017,0.0,0.0,0.0,0.0,0.0,0.0,0.0,class_label
P0018,0.0,0.0,0.0,0.0,0.0,0.0,0.0,class_label
P0019,0.0,0.0,0.0,0.0,0.0,0.0,0.0,class_label
P0020,0.0,0.0,0.0,0.0,0.0,0.0,0.0,class_label
P0021,0.0,0.0,0.0,0.0,0.0,0.0,0.0,class_label
P0022,0.0,0.0,0.0,0.0,0.0,0.0,0.0,class_label
P0023,0.0,0.0,0.0,0.0,0.0,0.0,0.0,class_label
P0024,0.0,0.0,0.0,0.0,0.0,0.0,0.0,class_label
P0025,0.0,0.0,0.0,0.0,0.0,0.0,0.0,class_label
P0026,0.0,0.0,0.0,0.0,0.0,0.0,0.0,class_label
P0027,0.0,0.0,0.0,0.0,0.0,0.0,0.0,class_label
P0028,0.0,0.0,0.0,0.0,0.0,0.0,0.0,class_label
P0029,0.0,0.0,0.0,0.0,0.0,0.0,0.0,class_label
P0030,0.0,0.0,0.0,0.0,0.0,0.0,0.0,class_label
P0031,0.0,0.0,0.0,0.0,0.0,0.0,0.0,class_label
P0032,0.0,0.0,0.0,0.0,0.0,0.0,0.0,class_label
P0033,0.0,0.0,0.0,0.0,0.0,0.0,0.0,class_label
P0034,0.0,0.0,0.0,0.0,0.0,0.0,0.0,class_label
P0035,0.0,0.0,0.0,0.0,0.0,0.0,0.0,class_label
P0036,0.0,0.0,0.0,0.0,0.0,0.0,0.0,class_label
P0037,0.0,0.0,0.0,0.0,0.0,0.0,0.0,class_label
P0038,0.0,0.0,0.0,0.0,0.0,0.0,0.0,class_label
P0039,0.0,0.0,0.0,0.0,0.0,0.0,0.0,class_label
P0040,0.0,0.0,0.0,0.0,0.0,0.0,0.0,class_label
P0041,0.0,0.0,0.0,0.0,0.0,0.0,0.0,class_label
P0042,0.0,0.0,0.0,0.0,0.0,0.0,0.0,class_label
P0043,0.0,0.0,0.0,0.0,0.0,0.0,0.0,class_label
P0044,0.0,0.0,0.0,0.0,0.0,0.0,0.0,class_label
P0045,0.0,0.0,0.0,0.0,0.0,0.0,0.0,class_label
P0046,0.0,0.0,0.0,0.0,0.0,0.0,0.0,class_label
P0047,0.0,0.0,0.0,0.0,0.0,0.0,0.0,class_label
P0048,0.0,0.0,0.0,0.0,0.0,0.0,0.0,class_label
P0049,0.0,0.0,0.0,0.0,0.0,0.0,0.0,class_label
P0050,0.0,0.0,0.0,0.0,0.0,0.0,0.0,class_label
P0051,0.0,0.0,0.0,0.0,0.0,0.0,0.0,class_label
P0052,0.0,0.0,0.0,0.0,0.0,0.0,0.0,class_label
P0053,0.0,0.0,0.0,0.0,0.0,0.0,0.0,class_label
P0054,0.0,0.0,0.0,0.0,0.0,0.0,0.0,class_label
P0055,0.0,0.0,0.0,0.0,0.0,0.0,0.0,class_label
P0056,0.0,0.0,0.0,0.0,0.0,0.0,0.0,class_label
P0057,0.0,0.0,0.0,0.0,0.0,0.0,0.0,class_label
P0058,0.0,0.0,0.0,0.0,0.0,0.0,0.0,class_label
P0059,0.0,0.0,0.0,0.0,0.0,0.0,0.0,class_label
P0060,0.0,0.0,0.0,0.0,0.0,0.0,0.0,class_label
P0061,0.0,0.0,0.0,0.0,0.0,0.0,0.0,class_label
P0062,0.0,0.0,0.0,0.0,0.0,0.0,0.0,class_label
P0063,0.0,0.0,0.0,0.0,0.0,0.0,0.0,class_label
P0064,0.0,0.0,0.0,0.0,0.0,0.0,0.0,class_label
P0065,0.0,0.0,0.0,0.0,0.0,0.0,0.0,class_label
P0066,0.0,0.0,0.0,0.0,0.0,0.0,0.0,class_label
P0067,0.0,0.0,0.0,0.0,0.0,0.0,0.0,class_label
P0068,0.0,0.0,0.0,0.0,0.0,0.0,0.0,class_label
P0069,0.0,0.0,0.0,0.0,0.0,0.0,0.0,class_label
P0070,0.0,0.0,0.0,0.0,0.0,0.0,0.0,class_label
P0071,0.0,0.0,0.0,0.0,0.0,0.0,0.0,class_label
P0072,0.0,0.0,0.0,0.0,0.0,0.0,0.0,class_label
P0073,0.0,0.0,0.0,0.0,0.0,0.0,0.0,class_label
P0074,0.0,0.0,0.0,0.0,0.0,0.0,0.0,class_label
P0075,0.0,0.0,0.0,0.0,0.0,0.0,0.0,class_label
P0076,0.0,0.0,0.0,0.0,0.0,0.0,0.0,class_label
P0077,0.0,0.0,0.0,0.0,0.0,0.0,0.0,class_label
P0078,0.0,0.0,0.0,0.0,0.0,0.0,0.0,class_label
P0079,0.0,0.0,0.0,0.0,0.0,0.0,0.0,class_label
P0080,0.0,0.0,0.0,0.0,0.0,0.0,0.0,class_label
P0081,0.0,0.0,0.0,0.0,0.0,0.0,0.0,class_label
P0082,0.0,0.0,0.0,0.0,0.0,0.0,0.0,class_label
P0083,0.0,0.0,0.0,0.0,0.0,0.0,0.0,class_label
P0084,0.0,0.0,0.0,0.0,0.0,0.0,0.0,class_label
P0085,0.0,0.0,0.0,0.0,0.0,0.0,0.0,class_label
P0086,0.0,0.0,0.0,0.0,0.0,0.0,0.0,class_label
P0087,0.0,0.0,0.0,0.0,0.0,0.0,0.0,class_label
P0088,0.0,0.0,0.0,0.0,0.0,0.0,0.0,class_label
P0089,0.0,0.0,0.0,0.0,0.0,0.0,0.0,class_label
P0090,0.0,0.0,0.0,0.0,0.0,0.0,0.0,class_label
P0091,0.0,0.0,0.0,0.0,0.0,0.0,0.0,class_label
P0092,0.0,0.0,0.0,0.0,0.0,0.0,0.0,class_label
P0093,0.0,0.0,0.0,0.0,0.0,0.0,0.0,class_label
P0094,0.0,0.0,0.0,0.0,0.0,0.0,0.0,class_label
P0095,0.0,0.0,0.0,0.0,0.0,0.0,0.0,class_label
P0096,0.0,0.0,0.0,0.0,0.0,0.0,0.0,class_label
P0097,0.0,0.0,0.0,0.0,0.0,0.0,0.0,class_label
P0098,0.0,0.0,0.0,0.0,0.0,0.0,0.0,class_label
P0099,0.0,0.0,0.0,0.0,0.0,0.0,0.0,class_label
P0100,0.0,0.0,0.0,0.0,0.0,0.0,0.0,class_label
P0101,0.0,0.0,0.0,0.0,0.0,0.0,0.0,class_label
P0102,0.0,0.0,0.0,0.0,0.0,0.0,0.0,class_label
P0103,0.0,0.0,0.0,0.0,0.0,0.0,0.0,class_label
P0104,0.0,0.0,0.0,0.0,0.0,0.0,0.0,class_label
P0105,0.0,0.0,0.0,0.0,0.0,0.0,0.0,class_label
P0106,0.0,0.0,0.0,0.0,0.0,0.0,0.0,class_label
P0107,0.0,0.0,0.0,0.0,0.0,0.0,0.0,class_label
P0108,0.0,0.0,0.0,0.0,0.0,0.0,0.0,class_label
P0109,0.0,0.0,0.0,0.0,0.0,0.0,0.0,class_label
P0110,0.0,0.0,0.0,0.0,0.0,0.0,0.0,class_label
P0111,0.0,0.0,0.0,0.0,0.0,0.0,0.0,class_label
P0112,0.0,0.0,0.0,0.0,0.0,0.0,0.0,class_label
P0113,0.0,0.0,0.0,0.0,0.0,0.0,0.0,class_label
P0114,0.0,0.0,0.0,0.0,0.0,0.0,0.0,class_label
P0115,0.0,0.0,0.0,0.0,0.0,0.0,0.0,class_label
P0116,0.0,0.0,0.0,0.0,0.0,0.0,0.0,class_label
P0117,0.0,0.0,0.0,0.0,0.0,0.0,0.0,class_label
P0118,0.0,0.0,0.0,0.0,0.0,0.0,0.0,class_label
P0119,0.0,0.0,0.0,0.0,0.0,0.0,0.0,class_label
P0120,0.0,0.0,0.0,0.0,0.0,0.0,0.0,class_label
P0121,0.0,0.0,0.0,0.0,0.0,0.0,0.0,class_label
P0122,0.0,0.0,0.0,0.0,0.0,0.0,0.0,class_label
P0123,0.0,0.0,0.0,0.0,0.0,0.0,0.0,class_label
P0124,0.0,0.0,0.0,0.0,0.0,0.0,0.0,class_label
P0125,0.0,0.0,0.0,0.0,0.0,0.0,0.0,class_label
P0126,0.0,0.0,0.0,0.0,0.0,0.0,0.0,class_label
P0127,0.0,0.0,0.0,0.0,0.0,0.0,0.0,class_label
P0128,0.0,0.0,0.0,0.0,0.0,0.0,0.0,class_label
P0129,0.0,0.0,0.0,0.0,0.0,0.0,0.0,class_label
P0130,0.0,0.0,0.0,0.0,0.0,0.0,0.0,class_label
P0131,0.0,0.0,0.0,0.0,0.0,0.0,0.0,class_label
P0132,0.0,0.0,0.0,0.0,0.0,0.0,0.0,class_label
P0133,0.0,0.0,0.0,0.0,0.0,0.0,0.0,class_label
P0134,0.0,0.0,0.0,0.0,0.0,0.0,0.0,class_label
P0135,0.0,0.0,0.0,0.0,0.0,0.0,0.0,class_label
P0136,0.0,0.0,0.0,0.0,0.0,0.0,0.0,class_label
P0137,0.0,0.0,0.0,0.0,0.0,0.0,0.0,class_label
P0138,0.0,0.0,0.0,0.0,0.0,0.0,0.0,class_label
P0139,0.0,0.0,0.0,0.0,0.0,0.0,0.0,class_label
P0140,0.0,0.0,0.0,0.0,0.0,0.0,0.0,class_label
P0141,0.0,0.0,0.0,0.0,0.0,0.0,0.0,class_label
P0142,0.0,0.0,0.0,0.0,0.0,0.0,0.0,class_label
P0143,0.0,0.0,0.0,0.0,0.0,0.0,0.0,class_label
P0144,0.49,0.29,0.48,0.5,0.56,0.24,0.35,cp
P0145,0.07,0.4,0.48,0.5,0.54,0.35,0.44,cp
P0146,0.56,0.4,0.48,0.5,0.49,0.37,0.46,cp
P0147,0.59,0.49,0.48,0.5,0.52,0.45,0.36,cp
P0148,0.23,0.32,0.48,0.5,0.55,0.25,0.35,cp
P0149,0.67,0.39,0.48,0.5,0.36,0.38,0.46,cp
P0150,0.29,0.28,0.48,0.5,0.44,0.23,0.34,cp
P0151,0.21,0.34,0.48,0.5,0.51,0.28,0.39,cp
P0152,0.2,0.44,0.48,0.5,0.46,0.51,0.57,cp
P0153,0.42,0.4,0.48,0.5,0.56,0.18,0.3,cp
P0154,0.42,0.24,0.48,0.5,0.57,0.27,0.37,cp
P0155,0.25,0.48,0.48,0.5,0.44,0.17,0.29,cp
P0156,0.39,0.32,0.48,0.5,0.46,0.24,0.35,cp
P0157,0.51,0.5,0.48,0.5,0.46,0.32,0.35,cp
P0158,0.22,0.43,0.48,0.5,0.48,0.16,0.28,cp
P0159,0.25,0.4,0.48,0.5,0.46,0.44,0.52,cp
P0160,0.34,0.45,0.48,0.5,0.38,0.24,0.35,cp
P0161,0.44,0.27,0.48,0.5,0.55,0.52,0.58,cp
P0162,0.23,0.4,0.48,0.5,0.39,0.28,0.38,cp
P0163,0.41,0.57,0.48,0.5,0.39,0.21,0.32,cp
P0164,0.4,0.45,0.48,0.5,0.38,0.22,0.0,cp
P0165,0.31,0.23,0.48,0.5,0.73,0.05,0.14,cp
P0166,0.51,0.54,0.48,0.5,0.41,0.34,0.43,cp
P0167,0.3,0.16,0.48,0.5,0.56,0.11,0.23,cp
P0168,0.36,0.39,0.48,0.5,0.48,0.22,0.23,cp
P0169,0.29,0.37,0.48,0.5,0.48,0.44,0.52,cp
P0170,0.25,0.4,0.48,0.5,0.47,0.33,0.42,cp
P0171,0.21,0.51,0.48,0.5,0.5,0.32,0.41,cp
P0172,0.43,0.37,0.48,0.5,0.53,0.35,0.44,cp
P0173,0.43,0.39,0.48,0.5,0.47,0.31,0.41,cp
P0174,0.53,0.38,0.48,0.5,0.44,0.26,0.36,cp
P0175,0.34,0.33,0.48,0.5,0.38,0.35,0.44,cp
P0176,0.56,0.51,0.48,0.5,0.34,0.37,0.46,cp
P0177,0.4,0.29,0.48,0.5,0.42,0.35,0.44,cp
P0178,0.24,0.35,0.48,0.5,0.31,0.19,0.31,cp
P0179,0.36,0.54,0.48,0.5,0.41,0.38,0.46,cp
P0180,0.29,0.52,0.48,0.5,0.42,0.29,0.39,cp
P0181,0.65,0.47,0.48,0.5,0.59,0.3,0.4,cp
P0182,0.32,0.42,0.48,0.5,0.35,0.28,0.38,cp
P0183,0.38,0.46,0.48,0.5,0.48,0.22,0.29,cp
P0184,0.33,0.45,0.48,0.5,0.52,0.32,0.41,cp
P0185,0.3,0.37,0.48,0.5,0.59,0.41,0.49,cp
P0186,0.4,0.5,0.48,0.5,0.45,0.39,0.47,cp
P0187,0.28,0.38,0.48,0.5,0.5,0.33,0.42,cp
P0188,0.61,0.45,0.48,0.5,0.48,0.35,0.41,cp
P0189,0.17,0.38,0.48,0.5,0.45,0.42,0.5,cp
P0190,0.44,0.35,0.48,0.5,0.55,0.55,0.61,cp
P0191,0.43,0.4,0.48,0.5,0.39,0.28,0.39,cp
P0192,0.42,0.35,0.48,0.5,0.58,0.15,0.27,cp
P0193,0.23,0.33,0.48,0.5,0.43,0.33,0.43,cp
P0194,0.37,0.52,0.48,0.5,0.42,0.42,0.36,cp
P0195,0.29,0.3,0.48,0.5,0.45,0.03,0.17,cp
P0196,0.22,0.36,0.48,0.5,0.35,0.39,0.47,cp
P0197,0.23,0.58,0.48,0.5,0.37,0.53,0.59,cp
P0198,0.47,0.47,0.48,0.5,0.22,0.16,0.26,cp
P0199,0.54,0.47,0.48,0.5,0.28,0.33,0.42,cp
P0200,0.51,0.37,0.48,0.5,0.35,0.36,0.45,cp
P0201,0.4,0.35,0.48,0.5,0.45,0.33,0.42,cp
P0202,0.44,0.34,0.48,0.5,0.3,0.33,0.43,cp
P0203,0.42,0.38,0.48,0.5,0.54,0.34,0.43,cp
P0204,0.44,0.56,0.48,0.5,0.5,0.46,0.54,cp
P0205,0.52,0.36,0.48,0.5,0.41,0.28,0.38,cp
P0206,0.36,0.41,0.48,0.5,0.48,0.47,0.54,cp
P0207,0.18,0.3,0.48,0.5,0.46,0.24,0.35,cp
P0208,0.47,0.29,0.48,0.5,0.51,0.33,0.43,cp
P0209,0.24,0.43,0.48,0.5,0.54,0.52,0.59,cp
P0210,0.25,0.37,0.48,0.5,0.41,0.33,0.42,cp
P0211,0.52,0.57,0.48,0.5,0.42,0.47,0.54,cp
P0212,0.25,0.37,0.48,0.5,0.43,0.26,0.36,cp
P0213,0.35,0.48,0.48,0.5,0.56,0.4,0.48,cp
P0214,0.26,0.26,0.48,0.5,0.34,0.25,0.35,cp
P0215,0.44,0.51,0.48,0.5,0.47,0.26,0.36,cp
P0216,0.37,0.5,0.48,0.5,0.42,0.36,0.45,cp
P0217,0.44,0.42,0.48,0.5,0.42,0.25,0.2,cp
P0218,0.24,0.43,0.48,0.5,0.37,0.28,0.38,cp
P0219,0.42,0.3,0.48,0.5,0.48,0.26,0.36,cp
P0220,0.48,0.42,0.48,0.5,0.45,0.25,0.35,cp
P0221,0.41,0.48,0.48,0.5,0.51,0.44,0.51,cp
P0222,0.44,0.28,0.48,0.5,0.43,0.27,0.37,cp
P0223,0.29,0.41,0.48,0.5,0.48,0.38,0.46,cp
P0224,0.34,0.28,0.48,0.5,0.41,0.35,0.44,cp
P0225,0.41,0.43,0.48,0.5,0.45,0.31,0.41,cp
P0226,0.29,0.47,0.48,0.5,0.41,0.23,0.34,cp
P0227,0.34,0.55,0.48,0.5,0.58,0.31,0.41,cp
P0228,0.36,0.56,0.48,0.5,0.43,0.45,0.53,cp
P0229,0.4,0.46,0.48,0.5,0.52,0.49,0.56,cp
P0230,0.5,0.49,0.48,0.5,0.49,0.46,0.53,cp
P0231,0.52,0.44,0.48,0.5,0.37,0.36,0.42,cp
P0232,0.5,0.51,0.48,0.5,0.27,0.23,0.34,cp
P0233,0.53,0.42,0.48,0.5,0.16,0.29,0.39,cp
P0234,0.34,0.46,0.48,0.5,0.52,0.35,0.44,cp
P0235,0.4,0.42,0.48,0.5,0.37,0.27,0.27,cp
P0236,0.41,0.43,0.48,0.5,0.5,0.24,0.25,cp
P0237,0.3,0.45,0.48,0.5,0.36,0.21,0.32,cp
P0238,0.31,0.47,0.48,0.5,0.29,0.28,0.39,cp
P0239,0.64,0.76,0.48,0.5,0.45,0.35,0.38,cp
P0240,0.35,0.37,0.48,0.5,0.3,0.34,0.43,cp
P0241,0.57,0.54,0.48,0.5,0.37,0.28,0.33,cp
P0242,0.65,0.55,0.48,0.5,0.34,0.37,0.28,cp
P0243,0.51,0.46,0.48,0.5,0.58,0.31,0.41,cp
P0244,0.38,0.4,0.48,0.5,0.63,0.25,0.35,cp
P0245,0.24,0.57,0.48,0.5,0.63,0.34,0.43,cp
P0246,0.38,0.26,0.48,0.5,0.54,0.16,0.28,cp
P0247,0.33,0.47,0.48,0.5,0.53,0.18,0.29,cp
P0248,0.24,0.34,0.48,0.5,0.38,0.3,0.4,cp
P0249,0.26,0.5,0.48,0.5,0.44,0.32,0.41,cp
P0250,0.44,0.49,0.48,0.5,0.39,0.38,0.4,cp
P0251,0.43,0.32,0.48,0.5,0.33,0.45,0.52,cp
P0252,0.49,0.43,0.48,0.5,0.49,0.3,0.4,cp
P0253,0.47,0.28,0.48,0.5,0.56,0.2,0.25,cp
P0254,0.32,0.33,0.48,0.5,0.6,0.06,0.2,cp
P0255,0.34,0.35,0.48,0.5,0.51,0.49,0.56,cp
P0256,0.35,0.34,0.48,0.5,0.46,0.3,0.27,cp
P0257,0.38,0.3,0.48,0.5,0.43,0.29,0.39,cp
P0258,0.38,0.44,0.48,0.5,0.43,0.2,0.31,cp
P0259,0.41,0.51,0.48,0.5,0.58,0.2,0.31,cp
P0260,0.34,0.42,0.48,0.5,0.41,0.34,0.43,cp
P0261,0.51,0.49,0.48,0.5,0.53,0.14,0.26,cp
P0262,0.25,0.51,0.48,0.5,0.37,0.42,0.5,cp
P0263,0.29,0.28,0.48,0.5,0.5,0.42,0.5,cp
P0264,0.25,0.26,0.48,0.5,0.39,0.32,0.42,cp
P0265,0.24,0.41,0.48,0.5,0.49,0.23,0.34,cp
P0266,0.17,0.39,0.48,0.5,0.53,0.3,0.39,cp
P0267,0.04,0.31,0.48,0.5,0.41,0.29,0.39,cp
P0268,0.61,0.36,0.48,0.5,0.49,0.35,0.44,cp
P0269,0.34,0.51,0.48,0.5,0.44,0.37,0.46,cp
P0270,0.28,0.33,0.48,0.5,0.45,0.22,0.33,cp
P0271,0.4,0.46,0.48,0.5,0.42,0.35,0.44,cp
P0272,0.23,0.34,0.48,0.5,0.43,0.26,0.37,cp
P0273,0.37,0.44,0.48,0.5,0.42,0.39,0.47,cp
P0274,0.0,0.38,0.48,0.5,0.42,0.48,0.55,cp
P0275,0.39,0.31,0.48,0.5,0.38,0.34,0.43,cp
P0276,0.3,0.44,0.48,0.5,0.49,0.22,0.33,cp
P0277,0.27,0.3,0.48,0.5,0.71,0.28,0.39,cp
P0278,0.17,0.52,0.48,0.5,0.49,0.37,0.46,cp
P0279,0.36,0.42,0.48,0.5,0.53,0.32,0.41,cp
P0280,0.3,0.37,0.48,0.5,0.43,0.18,0.3,cp
P0281,0.26,0.4,0.48,0.5,0.36,0.26,0.37,cp
P0282,0.4,0.41,0.48,0.5,0.55,0.22,0.33,cp
P0283,0.22,0.34,0.48,0.5,0.42,0.29,0.39,cp
P0284,0.44,0.35,0.48,0.5,0.44,0.52,0.59,cp
P0285,0.27,0.42,0.48,0.5,0.37,0.38,0.43,cp
P0286,0.16,0.43,0.48,0.5,0.54,0.27,0.37,cp
P0287,0.44,0.52,0.48,0.5,0.43,0.47,0.54,im
P0288,0.63,0.47,0.48,0.5,0.51,0.82,0.84,im
P0289,0.23,0.48,0.48,0.5,0.59,0.88,0.89,im
P0290,0.34,0.49,0.48,0.5,0.58,0.85,0.8,im
P0291,0.43,0.4,0.48,0.5,0.58,0.75,0.78,im
P0292,0.46,0.61,0.48,0.5,0.48,0.86,0.87,im
P0293,0.27,0.35,0.48,0.5,0.51,0.77,0.79,im
P0294,0.52,0.39,0.48,0.5,0.65,0.71,0.73,im
P0295,0.29,0.47,0.48,0.5,0.71,0.65,0.69,im
P0296,0.55,0.47,0.48,0.5,0.57,0.78,0.8,im
P0297,0.12,0.67,0.48,0.5,0.74,0.58,0.63,im
P0298,0.4,0.5,0.48,0.5,0.65,0.82,0.84,im
P0299,0.73,0.36,0.48,0.5,0.53,0.91,0.92,im
P0300,0.84,0.44,0.48,0.5,0.48,0.71,0.74,im
P0301,0.48,0.45,0.48,0.5,0.6,0.78,0.8,im
P0302,0.54,0.49,0.48,0.5,0.4,0.87,0.88,im
P0303,0.48,0.41,0.48,0.5,0.51,0.9,0.88,im
P0304,0.5,0.66,0.48,0.5,0.31,0.92,0.92,im
P0305,0.06,0.61,0.48,0.5,0.49,0.92,0.37,im
P0306,0.71,0.52,0.48,0.5,0.64,1.0,0.99,im
P0307,0.72,0.46,0.48,0.5,0.51,0.66,0.7,im
P0308,0.47,0.55,0.48,0.5,0.58,0.71,0.75,im
P0309,0.46,0.59,0.48,0.5,0.36,0.76,0.23,im
P0310,0.33,0.56,0.48,0.5,0.33,0.78,0.8,im
P0311,0.64,0.58,0.48,0.5,0.48,0.78,0.73,im
P0312,0.36,0.45,0.48,0.5,0.38,0.79,0.17,im
P0313,0.0,0.51,0.48,0.5,0.35,0.67,0.44,im
P0314,0.1,0.49,0.48,0.5,0.41,0.67,0.21,im
P0315,0.54,0.57,0.48,0.5,0.56,0.81,0.83,im
P0316,0.47,0.59,0.48,0.5,0.52,0.76,0.79,im
P0317,0.63,0.5,0.48,0.5,0.59,0.85,0.86,im
P0318,0.49,0.42,0.48,0.5,0.53,0.79,0.81,im
P0319,0.31,0.5,0.48,0.5,0.57,0.84,0.85,im
P0320,0.74,0.44,0.48,0.5,0.55,0.88,0.89,im
P0321,0.33,0.45,0.48,0.5,0.45,0.88,0.89,im
P0322,0.45,0.4,0.48,0.5,0.61,0.74,0.77,im
P0323,0.71,0.4,0.48,0.5,0.71,0.7,0.74,im
P0324,0.5,0.37,0.48,0.5,0.66,0.64,0.69,im
P0325,0.66,0.53,0.48,0.5,0.59,0.66,0.66,im
P0326,0.6,0.61,0.48,0.5,0.54,0.67,0.71,im
P0327,0.83,0.37,0.48,0.5,0.61,0.71,0.74,im
P0328,0.34,0.51,0.48,0.5,0.67,0.9,0.9,im
P0329,0.63,0.54,0.48,0.5,0.65,0.79,0.81,im
P0330,0.7,0.4,0.48,0.5,0.56,0.86,0.83,im
P0331,0.6,0.5,1.0,0.5,0.54,0.77,0.8,im
P0332,0.3,0.51,0.48,0.5,0.42,0.61,0.34,im
P0333,0.16,0.51,0.48,0.5,0.33,0.39,0.48,im
P0334,0.74,0.7,0.48,0.5,0.66,0.65,0.69,im
P0335,0.2,0.46,0.48,0.5,0.57,0.78,0.81,im
P0336,0.89,0.55,0.48,0.5,0.51,0.72,0.76,im
P0337,0.7,0.46,0.48,0.5,0.56,0.78,0.73,im
P0338,0.12,0.43,0.48,0.5,0.63,0.7,0.74,im
P0339,0.61,0.52,0.48,0.5,0.54,0.67,0.52,im
P0340,0.33,0.37,0.48,0.5,0.46,0.65,0.69,im
P0341,0.63,0.65,0.48,0.5,0.66,0.67,0.71,im
P0342,0.41,0.51,0.48,0.5,0.53,0.75,0.78,im
P0343,0.34,0.67,0.48,0.5,0.52,0.76,0.79,im
P0344,0.58,0.34,0.48,0.5,0.56,0.87,0.81,im
P0345,0.59,0.56,0.48,0.5,0.55,0.8,0.82,im
P0346,0.51,0.4,0.48,0.5,0.57,0.62,0.67,im
P0347,0.5,0.57,0.48,0.5,0.71,0.61,0.66,im
P0348,0.6,0.46,0.48,0.5,0.45,0.81,0.83,im
P0349,0.37,0.47,0.48,0.5,0.39,0.76,0.79,im
P0350,0.58,0.55,0.48,0.5,0.57,0.7,0.74,im
P0351,0.36,0.47,0.48,0.5,0.51,0.69,0.72,im
P0352,0.39,0.41,0.48,0.5,0.52,0.72,0.75,im
P0353,0.35,0.51,0.48,0.5,0.61,0.71,0.74,im
P0354,0.31,0.44,0.48,0.5,0.5,0.79,0.82,im
P0355,0.61,0.66,0.48,0.5,0.46,0.87,0.88,im
P0356,0.48,0.49,0.48,0.5,0.52,0.77,0.71,im
P0357,0.11,0.5,0.48,0.5,0.58,0.72,0.68,im
P0358,0.31,0.36,0.48,0.5,0.58,0.94,0.94,im
P0359,0.68,0.51,0.48,0.5,0.71,0.75,0.78,im
P0360,0.61,0.47,0.48,0.5,0.0,0.8,0.32,im
P0361,0.63,0.75,0.48,0.5,0.64,0.73,0.66,im
P0362,0.69,0.39,0.48,0.5,0.57,0.76,0.79,im
P0363,0.52,0.54,0.48,0.5,0.62,0.76,0.79,im
P0364,0.609244100911281,0.5268030917984706,0.48,0.5,0.54,0.67,0.5343620826856603,im
P0365,0.7252584971190486,0.3663220038412685,0.48,0.5,0.5347415028809515,0.9020974951984144,0.9057754913571459,im
P0366,0.5794451787783332,0.4702774106108334,0.48,0.5,0.4328709823152777,0.8305548212216668,0.8471290176847223,im
P0367,0.3784767006059407,0.48478136048475257,0.48,0.5,0.5173906802423763,0.7121720407271288,0.7421720407271288,im
P0368,0.5073213283398751,0.3919639850196251,0.48,0.5,0.5941080449411247,0.62535734332025,0.67535734332025,im
P0369,0.47,0.55,0.48,0.5,0.58,0.71,0.75,im
P0370,0.6,0.46,0.48,0.5,0.45,0.81,0.83,im
P0371,0.7063216957894559,0.4220698252632646,0.48,0.5,0.6548254368418386,0.7294264336843528,0.7363216957894559,im
P0372,0.47469547759331937,0.5831421104564509,0.48,0.5,0.37763457311198323,0.7511827134440084,0.2584112566804174,im
P0373,0.7357556203650762,0.468341210781511,0.48,0.5,0.51,0.665560807187674,0.7055608071876739,im
P0374,0.06,0.61,0.48,0.5,0.49,0.92,0.37,im
P0375,0.11,0.5,0.48,0.5,0.58,0.72,0.68,im
P0376,0.7178662980315157,0.46,0.48,0.5,0.5153342549212108,0.6728022118109059,0.7032005529527264,im
P0377,0.44,0.52,0.48,0.5,0.43,0.47,0.54,im
P0378,0.836333519870272,0.4143346390919043,0.48,0.5,0.5276642416864634,0.71,0.74,im
P0379,0.5284561323985268,0.4520467769987723,0.48,0.5,0.5556374215990179,0.7835906446002455,0.8035906446002455,im
P0380,0.63,0.5,0.48,0.5,0.59,0.85,0.86,im
P0381,0.3992455685243525,0.5345815576586228,0.48,0.5,0.5284636526463361,0.7515363473536639,0.781536347353664,im
P0382,0.4278565599918464,0.5048981257166153,0.48,0.5,0.5274490628583077,0.7551018742833847,0.7621434400081536,im
P0383,0.33419040778821996,0.49193653073726,0.48,0.5,0.57806346926274,0.84806346926274,0.8096826536863001,im
P0384,0.6514407401242915,0.527135555925425,0.48,0.5,0.6757288881491499,0.7728474079005667,0.7971355559254251,im
P0385,0.4506871254206872,0.5642495005609163,0.48,0.5,0.5232188124298854,0.7567811875701146,0.7867811875701146,im
P0386,0.32688428867295594,0.37844214433647794,0.48,0.5,0.514740357389413,0.746298213052935,0.771038570442348,im
P0387,0.69,0.39,0.48,0.5,0.57,0.76,0.79,im
P0388,0.63,0.5062579108706804,0.48,0.5,0.5993868663060206,0.8406131336939795,0.8521776114116495,im
P0389,0.43304837913514876,0.5253655860900992,0.48,0.5,0.549206982612624,0.7346344139099008,0.7684758104324256,im
P0390,0.5067663183445186,0.3902989550335556,0.48,0.5,0.5991031348993332,0.626467363310963,0.6764673633109629,im
P0391,0.6588106306193945,0.7369042588093662,0.48,0.5,0.6452382964762535,0.7090468140949858,0.6678574447143804,im
P0392,0.2520263072179487,0.4789186571701632,0.48,0.5,0.57,0.8083779857552448,0.8289186571701632,im
P0393,0.5893777123431381,0.6531259041143794,0.48,0.5,0.46274963835424826,0.8686251808228759,0.8786251808228759,im
P0394,0.47,0.5683898572705178,0.48,0.5,0.5524152140942233,0.7329873215881473,0.7683898572705178,im
P0395,0.25821006290352116,0.44941635219935977,0.48,0.5,0.5329572326977592,0.7852918239003202,0.8152918239003201,im
P0396,0.4612292298780537,0.49536307717769895,0.48,0.5,0.5226815385888495,0.7646369228223011,0.7287707701219462,im
P0397,0.73,0.36,0.48,0.5,0.53,0.91,0.92,im
P0398,0.5083298789343506,0.4819057488758998,0.48,0.5,0.5402356278102505,0.7740471255620501,0.7464241300584508,im
P0399,0.6300497630503085,0.5000124407625771,0.48,0.5,0.5900311019064427,0.8500933057193283,0.8600808649567512,im
P0400,0.5434891195900399,0.569302176081992,0.48,0.5,0.5593021760819921,0.8093021760819921,0.829302176081992,im
P0401,0.6540248009430821,0.4459751990569178,0.48,0.5,0.5271605721022016,0.8337284576817612,0.8365678855795596,im
P0402,0.703399870641372,0.71663642243574,0.48,0.5,0.653345431025704,0.676618275897184,0.680018146538556,im
P0403,0.25028550918834275,0.45085718014757403,0.48,0.5,0.5380001305165092,0.784571409926213,0.814571409926213,im
P0404,0.4849821151600178,0.44288780258282656,0.48,0.5,0.5199642303200357,0.5663902467714668,0.6235382138686046,im
P0405,0.49845718548807744,0.5523142217678839,0.48,0.5,0.4415428145119226,0.8648071481860097,0.8748071481860097,im
P0406,0.30187733301028513,0.4217239992731416,0.48,0.5,0.5020306667474287,0.7859386665051427,0.8139079997577139,im
P0407,0.32684788644056784,0.44842394322028395,0.48,0.5,0.46911220819229227,0.7815760567797161,0.811576056779716,im
P0408,0.40213820186766586,0.4069654495330835,0.48,0.5,0.5382073028014988,0.7291036514007494,0.7591036514007494,im
P0409,0.2630585522798624,0.4829303826472227,0.48,0.5,0.57,0.8143955739708341,0.8329303826472227,im
P0410,0.33,0.5449987071440167,0.48,0.5,0.3463650467519818,0.7936375389599849,0.8122737850639864,im
P0411,0.36929350739535777,0.49488225123255963,0.48,0.5,0.6141757586279174,0.8353532463023211,0.8195290049302385,im
P0412,0.54,0.57,0.48,0.5,0.56,0.81,0.83,im
P0413,0.83,0.37,0.48,0.5,0.61,0.71,0.74,im
P0414,0.48912869782286683,0.37465912950448566,0.48,0.5,0.647575654654705,0.6570834748497807,0.7039773885134568,im
P0415,0.33526688484010025,0.5630981675530001,0.48,0.5,0.3293803664894,0.7843374345742002,0.8037178010636001,im
P0416,0.3528184485127131,0.46140922425635655,0.48,0.5,0.4214995110600259,0.7685907757436434,0.7985907757436435,im
P0417,0.6213078073426164,0.46710260244753876,0.48,0.5,0.49261561468523274,0.8171026024475387,0.8371026024475388,im
P0418,0.6748131592365625,0.5089626318473125,0.48,0.5,0.6975515821677499,0.760373681526875,0.7882989452215,im
P0419,0.61,0.52,0.48,0.5,0.54,0.67,0.52,im
P0420,0.3202028075891739,0.4897971924108261,0.48,0.5,0.40653146160721737,0.6706084227675218,0.28275871183067397,im
P0421,0.27268093597118187,0.44678528436887605,0.48,0.5,0.523748495291066,0.786607357815562,0.8166073578155619,im
P0422,0.5771374530600665,0.6177481539343711,0.48,0.5,0.5069464956284766,0.8418321026229141,0.8565267521857617,im
P0423,0.7305146407369445,0.3641171258955559,0.48,0.5,0.5310292814738891,0.9084560777891666,0.9184560777891666,im
P0424,0.31320125148628697,0.44160062574314346,0.48,0.5,0.4919968712842826,0.8044056316882914,0.8312043802020044,im
P0425,0.34,0.49922191671536553,0.48,0.5,0.6214986252191448,0.8730547917884138,0.8461095835768276,im
P0426,0.6581028592449711,0.4846711676845612,0.48,0.5,0.5797807784563741,0.8576644161577194,0.8676644161577194,im
P0427,0.36965797549030854,0.43942453986925106,0.48,0.5,0.46586319019612343,0.8852877300653745,0.8873561349673128,im
P0428,0.37165530097712385,0.4268026831506235,0.48,0.5,0.4486394633698753,0.5818367802192519,0.6331973168493765,im
P0429,0.2840650481005281,0.5166395632914467,0.48,0.5,0.4246476943040126,0.6305826462034846,0.341991868987434,im
P0430,0.7,0.39,1.0,0.5,0.51,0.82,0.84,imL
P0431,0.75,0.55,1.0,1.0,0.4,0.47,0.3,imL
P0432,0.75,0.55,1.0,1.0,0.4,0.47,0.3,imL
P0433,0.75,0.55,1.0,1.0,0.4,0.47,0.3,imL
P0434,0.7159903956546816,0.441169266094981,1.0,0.6599039565468157,0.47482112955970057,0.708067230417229,0.6673037269294391,imL
P0435,0.743641336144077,0.5296522756610466,1.0,0.9364133614407704,0.4139890604830305,0.5145106469914608,0.3686735696439681,imL
P0436,0.730716708041428,0.48829346573256965,1.0,0.8071670804142801,0.44242324230885843,0.6049830437100039,0.5082595531525775,imL
P0437,0.75,0.55,1.0,1.0,0.4,0.47,0.3,imL
P0438,0.7138111350994091,0.434195632318109,1.0,0.6381113509940906,0.4796155027813001,0.7233220543041365,0.6908397409263822,imL
P0439,0.7003501683495814,0.3911205387186607,1.0,0.5035016834958146,0.5092296296309208,0.8175488215529296,0.8362181818245202,imL
P0440,0.7191106728426302,0.4511541530964168,1.0,0.6911067284263024,0.4679565197462135,0.6862252901015883,0.6336047332995934,imL
P0441,0.7079205562432451,0.4153457799783845,1.0,0.5792055624324515,0.4925747762648607,0.764556106297284,0.7544579925729524,imL
P0442,0.75,0.55,1.0,1.0,0.4,0.47,0.3,imL
P0443,0.730005392551514,0.48601725616484476,1.0,0.8000539255151398,0.4439881363866693,0.6099622521394021,0.5159417604436491,imL
P0444,0.7132997566202195,0.43255922118470236,1.0,0.6329975662021948,0.48074053543551715,0.7269017036584635,0.6963626285016296,imL
P0445,0.7,0.39,1.0,0.5,0.51,0.82,0.84,imL
P0446,0.7173255533379472,0.4454417706814311,1.0,0.6732555333794722,0.47188378265651615,0.6987211266343694,0.6528840239501701,imL
P0447,0.75,0.55,1.0,1.0,0.4,0.47,0.3,imL
P0448,0.7382493975526966,0.5123980721686292,1.0,0.8824939755269661,0.4258513253840675,0.5522542171311238,0.4269065064308767,imL
P0449,0.704555048089255,0.40457615388561613,1.0,0.5455504808925503,0.49997889420363895,0.7881146633752147,0.7908054806360456,imL
P0450,0.7085169555239988,0.4172542576767963,1.0,0.5851695552399885,0.49126269784720256,0.760381311332008,0.7480168803408125,imL
P0451,0.7,0.39,1.0,0.5,0.51,0.82,0.84,imL
P0452,0.7394250444836925,0.5161601423478159,1.0,0.8942504448369246,0.4232649021358766,0.5440246886141527,0.4142095195761213,imL
P0453,0.7309867815694427,0.48915770102221673,1.0,0.8098678156944272,0.441829080547226,0.6030925290139009,0.5053427590500186,imL
P0454,0.7094184240623954,0.4201389569996656,1.0,0.5941842406239548,0.48927946706272996,0.7540710315632316,0.7382810201261287,imL
P0455,0.7,0.39,1.0,0.5,0.51,0.82,0.84,imL
P0456,0.7142324384362705,0.4355438029960657,1.0,0.6423243843627053,0.47868863544020485,0.7203729309461062,0.6862896648882781,imL
P0457,0.7167303765860417,0.44353720507533356,1.0,0.6673037658604173,0.4731931715107082,0.7028873638977079,0.6593119328707493,imL
P0458,0.7372392372914061,0.5091655593324994,1.0,0.8723923729140604,0.4280736779589067,0.5593253389601577,0.43781623725281477,imL
P0459,0.739319024588888,0.5158208786844415,1.0,0.8931902458888794,0.42349814590444657,0.5447668278777843,0.4153545344400102,imL
P0460,0.75,0.55,1.0,1.0,0.4,0.47,0.3,imL
P0461,0.7,0.39,1.0,0.5,0.51,0.82,0.84,imL
P0462,0.7117545927769058,0.4276146968860986,1.0,0.617545927769058,0.48413989589080725,0.7377178505616593,0.7130503980094174,imL
P0463,0.75,0.55,1.0,1.0,0.4,0.47,0.3,imL
P0464,0.749287550626846,0.5477201620059076,1.0,0.9928755062684609,0.4015673886209386,0.47498714561207733,0.30769445323006217,imL
P0465,0.75,0.55,1.0,1.0,0.4,0.47,0.3,imL
P0466,0.728934919291278,0.4825917417320895,1.0,0.7893491929127796,0.4463431775591885,0.6174555649610542,0.5275028716541978,imL
P0467,0.703110516454195,0.39995365265342425,1.0,0.5311051645419507,0.5031568638007708,0.7982263848206345,0.8064064222946932,imL
P0468,0.75,0.55,1.0,1.0,0.4,0.47,0.3,imL
P0469,0.75,0.55,1.0,1.0,0.4,0.47,0.3,imL
P0470,0.75,0.55,1.0,1.0,0.4,0.47,0.3,imL
P0471,0.75,0.55,1.0,1.0,0.4,0.47,0.3,imL
P0472,0.7308186584502624,0.4886197070408399,1.0,0.8081865845026246,0.4421989514094226,0.6042693908481628,0.5071584887371655,imL
P0473,0.7479915191403073,0.5435728612489832,1.0,0.9799151914030725,0.4044186578913241,0.4840593660178492,0.32169159328468167,imL
P0474,0.7043056120745885,0.40377795863868354,1.0,0.5430561207458859,0.5005276534359051,0.7898607154778797,0.7934993895944431,imL
P0475,0.7,0.39,1.0,0.5,0.51,0.82,0.84,imL
P0476,0.7,0.39,1.0,0.5,0.51,0.82,0.84,imL
P0477,0.728100674605821,0.479922158738627,1.0,0.7810067460582093,0.448178515867194,0.6232952777592535,0.536512714257134,imL
P0478,0.7476641210991133,0.5425251875171625,1.0,0.9766412109911327,0.40513893358195086,0.4863511523062071,0.32522749212957675,imL
P0479,0.75,0.55,1.0,1.0,0.4,0.47,0.3,imL
P0480,0.7333146435091344,0.49660685922923015,1.0,0.8331464350913441,0.4367077842799043,0.5867974954360591,0.48020185010134836,imL
P0481,0.75,0.55,1.0,1.0,0.4,0.47,0.3,imL
P0482,0.7397812192129686,0.5172999014814996,1.0,0.897812192129686,0.42248131773146913,0.5415314655092198,0.41036283249993905,imL
P0483,0.7,0.39,1.0,0.5,0.51,0.82,0.84,imL
P0484,0.7004799857636614,0.3915359544437167,1.0,0.5047998576366147,0.5089440313199448,0.8166400996543697,0.8348161537524561,imL
P0485,0.7,0.39,1.0,0.5,0.51,0.82,0.84,imL
P0486,0.75,0.55,1.0,1.0,0.4,0.47,0.3,imL
P0487,0.7201979022204869,0.45463328710555795,1.0,0.7019790222048685,0.4655646151149289,0.6786146844565919,0.6218626560187419,imL
P0488,0.7,0.39,1.0,0.5,0.51,0.82,0.84,imL
P0489,0.7168993804829344,0.44407801754539017,1.0,0.6689938048293442,0.4728213629375443,0.701704336619459,0.6574866907843082,imL
P0490,0.7330651268357151,0.49580840587428837,1.0,0.830651268357151,0.4372567209614268,0.5885441121499942,0.48289663017427686,imL
P0491,0.7419167840339604,0.5241337089086733,1.0,0.919167840339604,0.4177830751252871,0.5265825117622771,0.38729873243322765,imL
P0492,0.7,0.39,1.0,0.5,0.51,0.82,0.84,imL
P0493,0.7231931566991117,0.4642181014371576,1.0,0.7319315669911174,0.4589750552619542,0.6576479031062178,0.5895139076495932,imL
P0494,0.75,0.55,1.0,1.0,0.4,0.47,0.3,imL
P0495,0.7346920189421784,0.5010144606149709,1.0,0.8469201894217839,0.43367755832720756,0.5771558674047512,0.46532619542447323,imL
P0496,0.7482948832476498,0.5445436263924796,1.0,0.9829488324764983,0.4037512568551704,0.4819358172664511,0.3184152609253818,imL
P0497,0.75,0.55,1.0,1.0,0.4,0.47,0.3,imL
P0498,0.7355815854108649,0.5038610733147679,1.0,0.8558158541086496,0.4317205120960971,0.5709289021239452,0.45571887756265833,imL
P0499,0.7072560853587629,0.4132194731480414,1.0,0.5725608535876293,0.49403661221072154,0.7692074024886595,0.7616342781253603,imL
P0500,0.7221204296893892,0.46078537500604544,1.0,0.7212042968938919,0.4613350546833438,0.6651569921742757,0.6010993593545968,imL
P0501,0.7,0.39,1.0,0.5,0.51,0.82,0.84,imL
P0502,0.7083115213081096,0.416596868185951,1.0,0.5831152130810968,0.49171465312215873,0.7618193508432323,0.7502355698724155,imL
P0503,0.7221077390869588,0.4607447650782681,1.0,0.7210773908695878,0.4613629740086907,0.6652458263912885,0.6012364178608451,imL
P0504,0.75,0.55,1.0,1.0,0.4,0.47,0.3,imL
P0505,0.7,0.39,1.0,0.5,0.51,0.82,0.84,imL
P0506,0.75,0.55,1.0,1.0,0.4,0.47,0.3,imL
P0507,0.7,0.39,1.0,0.5,0.51,0.82,0.84,imL
P0508,0.7,0.39,1.0,0.5,0.51,0.82,0.84,imL
P0509,0.7,0.39,1.0,0.5,0.51,0.82,0.84,imL
P0510,0.7,0.39,1.0,0.5,0.51,0.82,0.84,imL
P0511,0.7,0.39,1.0,0.5,0.51,0.82,0.84,imL
P0512,0.7,0.39,1.0,0.5,0.51,0.82,0.84,imL
P0513,0.75,0.55,1.0,1.0,0.4,0.47,0.3,imL
P0514,0.75,0.55,1.0,1.0,0.4,0.47,0.3,imL
P0515,0.75,0.55,1.0,1.0,0.4,0.47,0.3,imL
P0516,0.7,0.39,1.0,0.5,0.51,0.82,0.84,imL
P0517,0.7107769982293163,0.4244863943338123,1.0,0.6077699822931634,0.48629060389550405,0.7445610123947856,0.7236084191233836,imL
P0518,0.7,0.39,1.0,0.5,0.51,0.82,0.84,imL
P0519,0.7419084678124148,0.5241070969997274,1.0,0.919084678124148,0.4178013708126875,0.5266407253130965,0.38738854762592023,imL
P0520,0.75,0.55,1.0,1.0,0.4,0.47,0.3,imL
P0521,0.75,0.55,1.0,1.0,0.4,0.47,0.3,imL
P0522,0.7497124342421477,0.5490797895748727,1.0,0.9971243424214769,0.4006326446672751,0.47201296030496614,0.3031057101848049,imL
P0523,0.75,0.55,1.0,1.0,0.4,0.47,0.3,imL
P0524,0.7322744571417806,0.4932782628536981,1.0,0.8227445714178063,0.4389961942880826,0.5940788000075355,0.4914358628687691,imL
P0525,0.7,0.39,1.0,0.5,0.51,0.82,0.84,imL
P0526,0.75,0.55,1.0,1.0,0.4,0.47,0.3,imL
P0527,0.7,0.39,1.0,0.5,0.51,0.82,0.84,imL
P0528,0.75,0.55,1.0,1.0,0.4,0.47,0.3,imL
P0529,0.75,0.55,1.0,1.0,0.4,0.47,0.3,imL
P0530,0.7186727506072681,0.44975280194325806,1.0,0.6867275060726813,0.4689199486640101,0.6892907457491231,0.6383342934415042,imL
P0531,0.75,0.55,1.0,1.0,0.4,0.47,0.3,imL
P0532,0.7461806914984515,0.5377782127950448,1.0,0.9618069149845148,0.40840247870340673,0.4967351595108396,0.341248531816724,imL
P0533,0.75,0.55,1.0,1.0,0.4,0.47,0.3,imL
P0534,0.7115551749930938,0.4269765599779005,1.0,0.615551749930939,0.48457861501519345,0.7391137750483426,0.7152041100745858,imL
P0535,0.7,0.39,1.0,0.5,0.51,0.82,0.84,imL
P0536,0.7474865406995177,0.5419569302384568,1.0,0.9748654069951777,0.40552961046106095,0.48759421510337564,0.32714536044520814,imL
P0537,0.75,0.55,1.0,1.0,0.4,0.47,0.3,imL
P0538,0.7435222662659629,0.529271252051081,1.0,0.9352226626596281,0.41425101421488186,0.5153441361382604,0.3699595243276017,imL
P0539,0.7,0.39,1.0,0.5,0.51,0.82,0.84,imL
P0540,0.7396865866933527,0.5169970774187287,1.0,0.8968658669335272,0.42268950927462406,0.542193893146531,0.41138486371179067,imL
P0541,0.7091225223207006,0.4191920714262421,1.0,0.5912252232070065,0.4899304508944586,0.7561423437550954,0.7414767589364331,imL
P0542,0.7478283592179973,0.5430507494975916,1.0,0.9782835921799733,0.4047776097204059,0.48520148547401865,0.3234537204456287,imL
P0543,0.7342634566599942,0.4996430613119812,1.0,0.8426345665999411,0.434620395348013,0.5801558033800411,0.4699546680720636,imL
P0544,0.7279203352934024,0.47934507293888784,1.0,0.7792033529340245,0.4485752623545146,0.6245576529461828,0.5384603788312535,imL
P0545,0.7,0.39,1.0,0.5,0.51,0.82,0.84,imL
P0546,0.75,0.55,1.0,1.0,0.4,0.47,0.3,imL
P0547,0.7221279337429906,0.4608093879775699,1.0,0.7212793374299058,0.46131854576542075,0.665104463799066,0.6010183155757016,imL
P0548,0.7235734449738364,0.46543502391627634,1.0,0.7357344497383635,0.45813842105756003,0.6549858851831455,0.5854067942825674,imL
P0549,0.7179882840591563,0.4475625089893001,1.0,0.6798828405915628,0.4704257750698562,0.694082011585906,0.6457265321611121,imL
P0550,0.7171322811351482,0.4448232996324741,1.0,0.6713228113514814,0.4723089815026741,0.700074032053963,0.6549713637404,imL
P0551,0.75,0.55,1.0,1.0,0.4,0.47,0.3,imL
P0552,0.7329158200490682,0.49533062415701823,1.0,0.8291582004906819,0.43758519589205,0.5895892596565226,0.4845091434700636,imL
P0553,0.75,0.55,1.0,1.0,0.4,0.47,0.3,imL
P0554,0.7,0.39,1.0,0.5,0.51,0.82,0.84,imL
P0555,0.7330438326482887,0.4957402644745236,1.0,0.8304383264828861,0.4373035681737651,0.5886931714619796,0.48312660739848295,imL
P0556,0.75,0.55,1.0,1.0,0.4,0.47,0.3,imL
P0557,0.7,0.39,1.0,0.5,0.51,0.82,0.84,imL
P0558,0.75,0.55,1.0,1.0,0.4,0.47,0.3,imL
P0559,0.7,0.39,1.0,0.5,0.51,0.82,0.84,imL
P0560,0.7124216935511604,0.42974941936371347,1.0,0.6242169355116045,0.482672274187447,0.7330481451418769,0.7058457096474672,imL
P0561,0.7298840126920514,0.4856288406145647,1.0,0.7988401269205145,0.4442551720774868,0.6108119111556397,0.5172526629258443,imL
P0562,0.7486326969942084,0.5456246303814671,1.0,0.9863269699420845,0.40300806661274147,0.47957112104054084,0.31476687246254875,imL
P0563,0.7388435259691818,0.5142992831013817,1.0,0.8884352596918179,0.42454424286780007,0.5480953182157275,0.42048991953283665,imL
P0564,0.7221721183319231,0.4609507786621539,1.0,0.7217211833192307,0.46122133966976925,0.6647951716765383,0.6005411220152307,imL
P0565,0.7,0.39,1.0,0.5,0.51,0.82,0.84,imL
P0566,0.7,0.39,1.0,0.5,0.51,0.82,0.84,imL
P0567,0.7085662276769971,0.4174119285663908,1.0,0.5856622767699713,0.4911542991106063,0.7600364062610201,0.747484741088431,imL
P0568,0.7,0.39,1.0,0.5,0.51,0.82,0.84,imL
P0569,0.7,0.39,1.0,0.5,0.51,0.82,0.84,imL
P0570,0.75,0.55,1.0,1.0,0.4,0.47,0.3,imL
P0571,0.7,0.39,1.0,0.5,0.51,0.82,0.84,imL
P0572,0.75,0.55,1.0,1.0,0.4,0.47,0.3,imL
P0573,0.85,0.53,0.48,0.5,0.53,0.52,0.35,imS
P0574,0.63,0.49,0.48,0.5,0.54,0.76,0.79,imS
P0575,0.85,0.53,0.48,0.5,0.53,0.52,0.35,imS
P0576,0.63,0.49,0.48,0.5,0.54,0.76,0.79,imS
P0577,0.85,0.53,0.48,0.5,0.53,0.52,0.35,imS
P0578,0.6376519999223362,0.491391272713152,0.48,0.5,0.539652181821712,0.7516523637210878,0.7746960001553276,imS
P0579,0.85,0.53,0.48,0.5,0.53,0.52,0.35,imS
P0580,0.8034468825335916,0.5215357968242894,0.48,0.5,0.5321160507939277,0.5707852190542637,0.44310623493281676,imS
P0581,0.63,0.49,0.48,0.5,0.54,0.76,0.79,imS
P0582,0.6651963030311652,0.4963993278238482,0.48,0.5,0.538400168044038,0.7216040330569108,0.7196073939376698,imS
P0583,0.85,0.53,0.48,0.5,0.53,0.52,0.35,imS
P0584,0.811413880772915,0.5229843419587118,0.48,0.5,0.5317539145103221,0.5620939482477292,0.4271722384541701,imS
P0585,0.672177215635606,0.49766858466101926,0.48,0.5,0.5380828538347452,0.7139884920338845,0.7056455687287881,imS
P0586,0.8372425872269418,0.5276804704048985,0.48,0.5,0.5305798823987754,0.533917177570609,0.37551482554611637,imS
P0587,0.6809159183938889,0.4992574397079798,0.48,0.5,0.5376856400730051,0.7044553617521213,0.6881681632122224,imS
P0588,0.63,0.49,0.48,0.5,0.54,0.76,0.79,imS
P0589,0.63,0.49,0.48,0.5,0.54,0.76,0.79,imS
P0590,0.7684408053890732,0.5151710555252861,0.48,0.5,0.5337072361186785,0.6089736668482838,0.5131183892218536,imS
P0591,0.8318056854576019,0.5266919428104732,0.48,0.5,0.5308270142973818,0.5398483431371615,0.386388629084796,imS
P0592,0.63,0.49,0.48,0.5,0.54,0.76,0.79,imS
P0593,0.8177659884508585,0.5241392706274288,0.48,0.5,0.5314651823431428,0.5551643762354271,0.41446802309828307,imS
P0594,0.85,0.53,0.48,0.5,0.53,0.52,0.35,imS
P0595,0.6479181614027587,0.4932578475277743,0.48,0.5,0.5391855381180565,0.7404529148333541,0.7541636771944825,imS
P0596,0.8423530341209154,0.5286096425674391,0.48,0.5,0.5303475893581402,0.528342144595365,0.3652939317581691,imS
P0597,0.8214970578398255,0.5248176468799683,0.48,0.5,0.531295588280008,0.5510941187201903,0.40700588432034895,imS
P0598,0.7546145853078128,0.5126571973286932,0.48,0.5,0.5343357006678268,0.6240568160278406,0.5407708293843745,imS
P0599,0.7059798900638208,0.5038145254661492,0.48,0.5,0.5365463686334627,0.6771128472031046,0.6380402198723584,imS
P0600,0.7564532108233982,0.5129914928769815,0.48,0.5,0.5342521267807546,0.622051042738111,0.5370935783532035,imS
P0601,0.63,0.49,0.48,0.5,0.54,0.76,0.79,imS
P0602,0.85,0.53,0.48,0.5,0.53,0.52,0.35,imS
P0603,0.818820499945246,0.5243309999900447,0.48,0.5,0.5314172500024889,0.5540140000597317,0.41235900010950804,imS
P0604,0.63,0.49,0.48,0.5,0.54,0.76,0.79,imS
P0605,0.63,0.49,0.48,0.5,0.54,0.76,0.79,imS
P0606,0.85,0.53,0.48,0.5,0.53,0.52,0.35,imS
P0607,0.6929088496226599,0.5014379726586654,0.48,0.5,0.5371405068353337,0.6913721640480075,0.6641823007546803,imS
P0608,0.8496149804042135,0.5299299964371298,0.48,0.5,0.5300175008907176,0.5204200213772217,0.3507700391915729,imS
P0609,0.6945083663136458,0.5017287938752083,0.48,0.5,0.5370678015311979,0.68962723674875,0.6609832673727084,imS
P0610,0.8121085730213917,0.5231106496402531,0.48,0.5,0.5317223375899368,0.5613361021584818,0.4257828539572166,imS
P0611,0.7862238130471042,0.518404329644928,0.48,0.5,0.5328989175887681,0.5895740221304319,0.47755237390579164,imS
P0612,0.7299872408896678,0.508179498343576,0.48,0.5,0.535455125414106,0.6509230099385441,0.5900255182206643,imS
P0613,0.656714555435568,0.494857191897376,0.48,0.5,0.538785702025656,0.7308568486157441,0.736570889128864,imS
P0614,0.63,0.49,0.48,0.5,0.54,0.76,0.79,imS
P0615,0.85,0.53,0.48,0.5,0.53,0.52,0.35,imS
P0616,0.7643096725036905,0.5144199404552164,0.48,0.5,0.533895014886196,0.6134803572687012,0.521380654992619,imS
P0617,0.85,0.53,0.48,0.5,0.53,0.52,0.35,imS
P0618,0.7287137417202707,0.5079479530400492,0.48,0.5,0.5355130117399878,0.6523122817597047,0.5925725165594586,imS
P0619,0.63,0.49,0.48,0.5,0.54,0.76,0.79,imS
P0620,0.85,0.53,0.48,0.5,0.53,0.52,0.35,imS
P0621,0.85,0.53,0.48,0.5,0.53,0.52,0.35,imS
P0622,0.8082036938600824,0.5224006716109241,0.48,0.5,0.531899832097269,0.5655959703344556,0.43359261227983525,imS
P0623,0.85,0.53,0.48,0.5,0.53,0.52,0.35,imS
P0624,0.85,0.53,0.48,0.5,0.53,0.52,0.35,imS
P0625,0.85,0.53,0.48,0.5,0.53,0.52,0.35,imS
P0626,0.85,0.53,0.48,0.5,0.53,0.52,0.35,imS
P0627,0.63,0.49,0.48,0.5,0.54,0.76,0.79,imS
P0628,0.85,0.53,0.48,0.5,0.53,0.52,0.35,imS
P0629,0.6389131715525573,0.4916205766459195,0.48,0.5,0.5395948558385202,0.750276540124483,0.7721736568948855,imS
P0630,0.7489131674889877,0.5116205759070886,0.48,0.5,0.5345948560232279,0.6302765445574678,0.5521736650220245,imS
P0631,0.63,0.49,0.48,0.5,0.54,0.76,0.79,imS
P0632,0.7654213071995202,0.5146220558544582,0.48,0.5,0.5338444860363855,0.6122676648732507,0.5191573856009595,imS
P0633,0.85,0.53,0.48,0.5,0.53,0.52,0.35,imS
P0634,0.63,0.49,0.48,0.5,0.54,0.76,0.79,imS
P0635,0.85,0.53,0.48,0.5,0.53,0.52,0.35,imS
P0636,0.694315317607136,0.5016936941103883,0.48,0.5,0.5370765764724029,0.6898378353376697,0.6613693647857279,imS
P0637,0.6852455260141018,0.500044641093473,0.48,0.5,0.5374888397266318,0.6997321534391616,0.6795089479717964,imS
P0638,0.8356531285128632,0.5273914779114297,0.48,0.5,0.5306521305221427,0.5356511325314219,0.37869374297427355,imS
P0639,0.8424711098870873,0.5286311108885613,0.48,0.5,0.5303422222778597,0.5282133346686321,0.3650577802258254,imS
P0640,0.85,0.53,0.48,0.5,0.53,0.52,0.35,imS
P0641,0.85,0.53,0.48,0.5,0.53,0.52,0.35,imS
P0642,0.63,0.49,0.48,0.5,0.54,0.76,0.79,imS
P0643,0.7908331849778728,0.5192423972687041,0.48,0.5,0.532689400682824,0.5845456163877751,0.46833363004425427,imS
P0644,0.85,0.53,0.48,0.5,0.53,0.52,0.35,imS
P0645,0.7185016880929684,0.5060912160169033,0.48,0.5,0.5359771959957742,0.6634527038985799,0.6129966238140632,imS
P0646,0.813427173458717,0.5233503951743121,0.48,0.5,0.5316624012064219,0.559897628954127,0.42314565308256613,imS
P0647,0.63,0.49,0.48,0.5,0.54,0.76,0.79,imS
P0648,0.8143826943203738,0.5235241262400679,0.48,0.5,0.531618968439983,0.5588552425595922,0.42123461135925233,imS
P0649,0.8172201543427472,0.5240400280623176,0.48,0.5,0.5314899929844206,0.555759831626094,0.4155596913145056,imS
P0650,0.85,0.53,0.48,0.5,0.53,0.52,0.35,imS
P0651,0.63,0.49,0.48,0.5,0.54,0.76,0.79,imS
P0652,0.6583183365081144,0.4951487884560208,0.48,0.5,0.5387128028859949,0.7291072692638751,0.733363326983771,imS
P0653,0.6908925720136917,0.5010713767297621,0.48,0.5,0.5372321558175595,0.6935717396214272,0.6682148559726165,imS
P0654,0.7563869506096385,0.5129794455653889,0.48,0.5,0.5342551386086528,0.6221233266076671,0.5372260987807229,imS
P0655,0.85,0.53,0.48,0.5,0.53,0.52,0.35,imS
P0656,0.8418499124182417,0.5285181658942257,0.48,0.5,0.5303704585264436,0.5288910046346454,0.3663001751635166,imS
P0657,0.85,0.53,0.48,0.5,0.53,0.52,0.35,imS
P0658,0.6695188752737622,0.49718525004977493,0.48,0.5,0.5382036874875563,0.7168884997013504,0.7109622494524757,imS
P0659,0.695135674578861,0.5018428499234293,0.48,0.5,0.5370392875191428,0.6889429004594243,0.6597286508422779,imS
P0660,0.63,0.49,0.48,0.5,0.54,0.76,0.79,imS
P0661,0.6923579031787201,0.5013378005779491,0.48,0.5,0.5371655498555128,0.6919731965323053,0.6652841936425598,imS
P0662,0.85,0.53,0.48,0.5,0.53,0.52,0.35,imS
P0663,0.85,0.53,0.48,0.5,0.53,0.52,0.35,imS
P0664,0.85,0.53,0.48,0.5,0.53,0.52,0.35,imS
P0665,0.85,0.53,0.48,0.5,0.53,0.52,0.35,imS
P0666,0.85,0.53,0.48,0.5,0.53,0.52,0.35,imS
P0667,0.6500858234727795,0.49365196790414173,0.48,0.5,0.5390870080239646,0.7380881925751497,0.749828353054441,imS
P0668,0.8021698271562727,0.5213036049375042,0.48,0.5,0.532174098765624,0.5721783703749752,0.44566034568745455,imS
P0669,0.63,0.49,0.48,0.5,0.54,0.76,0.79,imS
P0670,0.63,0.49,0.48,0.5,0.54,0.76,0.79,imS
P0671,0.6903674444873837,0.5009758989977061,0.48,0.5,0.5372560252505735,0.6941446060137633,0.6692651110252326,imS
P0672,0.7985591404985007,0.5206471164542729,0.48,0.5,0.5323382208864318,0.5761173012743628,0.4528817190029985,imS
P0673,0.7721480903995523,0.5158451073453731,0.48,0.5,0.5335387231636567,0.6049293559277611,0.5057038192008954,imS
P0674,0.85,0.53,0.48,0.5,0.53,0.52,0.35,imS
P0675,0.7213854511424521,0.5066155365713549,0.48,0.5,0.5358461158571614,0.6603067805718705,0.6072290977150958,imS
P0676,0.85,0.53,0.48,0.5,0.53,0.52,0.35,imS
P0677,0.85,0.53,0.48,0.5,0.53,0.52,0.35,imS
P0678,0.63,0.49,0.48,0.5,0.54,0.76,0.79,imS
P0679,0.675493944656394,0.49827162630116256,0.48,0.5,0.5379320934247094,0.7103702421930247,0.699012110687212,imS
P0680,0.6713701740769962,0.4975218498321811,0.48,0.5,0.5381195375419547,0.7148689010069134,0.7072596518460078,imS
P0681,0.7066242413234191,0.5039316802406216,0.48,0.5,0.5365170799398447,0.6764099185562702,0.6367515173531619,imS
P0682,0.85,0.53,0.48,0.5,0.53,0.52,0.35,imS
P0683,0.8464046476837022,0.5293462995788549,0.48,0.5,0.5301634251052862,0.5239222025268704,0.3571907046325957,imS
P0684,0.85,0.53,0.48,0.5,0.53,0.52,0.35,imS
P0685,0.7547027459295937,0.5126732265326535,0.48,0.5,0.5343316933668367,0.6239606408040795,0.5405945081408124,imS
P0686,0.7942289503855252,0.5198598091610046,0.48,0.5,0.5325350477097489,0.5808411450339726,0.4615420992289496,imS
P0687,0.7062450986676302,0.5038627452122965,0.48,0.5,0.536534313696926,0.6768235287262216,0.6375098026647396,imS
P0688,0.63,0.49,0.48,0.5,0.54,0.76,0.79,imS
P0689,0.85,0.53,0.48,0.5,0.53,0.52,0.35,imS
P0690,0.7824057867772076,0.5177101430504014,0.48,0.5,0.5330724642373997,0.5937391416975917,0.4851884264455846,imS
P0691,0.85,0.53,0.48,0.5,0.53,0.52,0.35,imS
P0692,0.8401434749352952,0.52820790453369,0.48,0.5,0.5304480238665775,0.5307525727978597,0.36971305012940947,imS
P0693,0.85,0.53,0.48,0.5,0.53,0.52,0.35,imS
P0694,0.7554585761284193,0.5128106502051671,0.48,0.5,0.5342973374487082,0.6231360987689971,0.5390828477431615,imS
P0695,0.63,0.49,0.48,0.5,0.54,0.76,0.79,imS
P0696,0.6928253830159832,0.501422796911997,0.48,0.5,0.5371443007720008,0.6914632185280183,0.6643492339680336,imS
P0697,0.7174810329357308,0.505905642351951,0.48,0.5,0.5360235894120122,0.6645661458882937,0.6150379341285384,imS
P0698,0.85,0.53,0.48,0.5,0.53,0.52,0.35,imS
P0699,0.6835298554899591,0.4997327009981744,0.48,0.5,0.5375668247504565,0.7016037940109536,0.6829402890200816,imS
P0700,0.85,0.53,0.48,0.5,0.53,0.52,0.35,imS
P0701,0.8053571624593363,0.5218831204471521,0.48,0.5,0.5320292198882121,0.5687012773170876,0.43928567508132726,imS
P0702,0.63,0.49,0.48,0.5,0.54,0.76,0.79,imS
P0703,0.85,0.53,0.48,0.5,0.53,0.52,0.35,imS
P0704,0.7818968571608341,0.5176176103928789,0.48,0.5,0.5330955974017803,0.5942943376427264,0.48620628567833174,imS
P0705,0.6985421846262223,0.5024622153865859,0.48,0.5,0.5368844461533535,0.6852267076804848,0.6529156307475554,imS
P0706,0.63,0.49,0.48,0.5,0.54,0.76,0.79,imS
P0707,0.85,0.53,0.48,0.5,0.53,0.52,0.35,imS
P0708,0.71338489526969,0.5051608900490345,0.48,0.5,0.5362097774877413,0.6690346597057928,0.6232302094606201,imS
P0709,0.7501731744035133,0.5118496680733661,0.48,0.5,0.5345375829816585,0.6289019915598036,0.5496536511929734,imS
P0710,0.7017201822721798,0.5030400331403964,0.48,0.5,0.5367399917149009,0.681759801157622,0.6465596354556404,imS
P0711,0.63,0.49,0.48,0.5,0.54,0.76,0.79,imS
P0712,0.63,0.49,0.48,0.5,0.54,0.76,0.79,imS
P0713,0.85,0.53,0.48,0.5,0.53,0.52,0.35,imS
P0714,0.85,0.53,0.48,0.5,0.53,0.52,0.35,imS
P0715,0.7767657702233934,0.5166846854951624,0.48,0.5,0.5333288286262095,0.5998918870290253,0.49646845955321295,imS
P0716,0.72,0.42,0.48,0.5,0.65,0.77,0.79,imU
P0717,0.79,0.41,0.48,0.5,0.66,0.81,0.83,imU
P0718,0.83,0.48,0.48,0.5,0.65,0.76,0.79,imU
P0719,0.69,0.43,0.48,0.5,0.59,0.74,0.77,imU
P0720,0.79,0.36,0.48,0.5,0.46,0.82,0.7,imU
P0721,0.78,0.33,0.48,0.5,0.57,0.77,0.79,imU
P0722,0.75,0.37,0.48,0.5,0.64,0.7,0.74,imU
P0723,0.59,0.29,0.48,0.5,0.64,0.75,0.77,imU
P0724,0.67,0.37,0.48,0.5,0.54,0.64,0.68,imU
P0725,0.66,0.48,0.48,0.5,0.54,0.7,0.74,imU
P0726,0.64,0.46,0.48,0.5,0.48,0.73,0.76,imU
P0727,0.76,0.71,0.48,0.5,0.5,0.71,0.75,imU
P0728,0.84,0.49,0.48,0.5,0.55,0.78,0.74,imU
P0729,0.77,0.55,0.48,0.5,0.51,0.78,0.74,imU
P0730,0.81,0.44,0.48,0.5,0.42,0.67,0.68,imU
P0731,0.58,0.6,0.48,0.5,0.59,0.73,0.76,imU
P0732,0.63,0.42,0.48,0.5,0.48,0.77,0.8,imU
P0733,0.62,0.42,0.48,0.5,0.58,0.79,0.81,imU
P0734,0.78,0.44,0.48,0.5,0.45,0.73,0.68,imU
P0735,0.86,0.39,0.48,0.5,0.59,0.89,0.9,imU
P0736,0.81,0.53,0.48,0.5,0.57,0.87,0.88,imU
P0737,0.87,0.49,0.48,0.5,0.61,0.76,0.79,imU
P0738,0.47,0.46,0.48,0.5,0.62,0.74,0.77,imU
P0739,0.76,0.41,0.48,0.5,0.5,0.59,0.62,imU
P0740,0.7,0.53,0.48,0.5,0.7,0.86,0.87,imU
P0741,0.64,0.45,0.48,0.5,0.67,0.61,0.66,imU
P0742,0.81,0.52,0.48,0.5,0.57,0.78,0.8,imU
P0743,0.73,0.26,0.48,0.5,0.57,0.75,0.78,imU
P0744,0.49,0.61,1.0,0.5,0.56,0.71,0.74,imU
P0745,0.88,0.42,0.48,0.5,0.52,0.73,0.75,imU
P0746,0.84,0.54,0.48,0.5,0.75,0.92,0.7,imU
P0747,0.63,0.51,0.48,0.5,0.64,0.72,0.76,imU
P0748,0.57,0.38,0.48,0.5,0.06,0.49,0.33,imU
P0749,0.86,0.55,0.48,0.5,0.63,0.81,0.83,imU
P0750,0.79,0.54,0.48,0.5,0.5,0.66,0.68,imU
P0751,0.783326695314728,0.4133864374821762,0.48,0.5,0.45332669531472797,0.7599402578325518,0.686653390629456,imU
P0752,0.7438713606282872,0.4165898056245304,0.48,0.5,0.6534101943754697,0.7836407775018784,0.8036407775018783,imU
P0753,0.81,0.5284032601673406,0.48,0.5,0.57,0.8556293415060658,0.8672260813387251,imU
P0754,0.8418970508242807,0.49,0.48,0.5,0.5537941016485614,0.7787352994504796,0.7431617513738011,imU
P0755,0.7804797731640123,0.44479773164012293,0.48,0.5,0.45239886582006145,0.7266415878519139,0.68,imU
P0756,0.7602772537877871,0.708946435606409,0.48,0.5,0.5003881553029019,0.7103881553029019,0.7502772537877871,imU
P0757,0.8789529757308486,0.4214957489559305,0.48,0.5,0.5207478744779652,0.7307478744779652,0.7507478744779652,imU
P0758,0.8682560980612989,0.4895640245153247,0.48,0.5,0.6117439019387011,0.76,0.79,imU
P0759,0.7901065330385997,0.41018643281754946,0.48,0.5,0.6599733667403501,0.8098668337017504,0.8298934669614003,imU
P0760,0.8160347252128802,0.5236208351277281,0.48,0.5,0.5772416702554561,0.7836208351277281,0.8036208351277281,imU
P0761,0.8273596265193909,0.5113201867403045,0.48,0.5,0.5815730843462605,0.7742134578268697,0.7971067289134349,imU
P0762,0.81,0.53,0.48,0.5,0.57,0.87,0.88,imU
P0763,0.6664527729446444,0.42607546215744074,0.48,0.5,0.5468300837318482,0.7517736135276778,0.7817736135276778,imU
P0764,0.734377172036482,0.3960380466058634,0.48,0.5,0.6452076093211727,0.7364532652482088,0.7660380466058634,imU
P0765,0.8505066231518994,0.5452533115759497,0.48,0.5,0.6869602610886038,0.8622135726645536,0.7682930504873459,imU
P0766,0.6477120548237488,0.3477120548237489,0.48,0.5,0.6444393888325961,0.7588787776651922,0.7788787776651922,imU
P0767,0.87,0.49,0.48,0.5,0.61,0.76,0.79,imU
P0768,0.6805385423265595,0.4457690961224007,0.48,0.5,0.5742309038775992,0.7273847231020795,0.7605385423265596,imU
P0769,0.8673778992061436,0.48934447480153587,0.48,0.5,0.6126221007938564,0.76,0.79,imU
P0770,0.6503461214767006,0.4873823776942878,0.5095295107771514,0.5,0.5411357504145059,0.7005678752072528,0.74,imU
P0771,0.6715649568949175,0.42,0.48,0.5,0.6160954698264423,0.7796870086210166,0.7996870086210166,imU
P0772,0.7482869759437891,0.3775695360843163,0.48,0.5,0.6122840320749479,0.77,0.79,imU
P0773,0.8288706460717519,0.47716219099909474,0.48,0.5,0.5775482584287007,0.8775482584287008,0.8875482584287008,imU
P0774,0.7020818357652324,0.42,0.48,0.5,0.6374572850356627,0.7735836328469535,0.7935836328469535,imU
P0775,0.8634218001369646,0.44901184976031194,0.48,0.5,0.5324336498972766,0.7507227498287943,0.7458554500342411,imU
P0776,0.6028401017589502,0.3893828862168429,0.48,0.5,0.12098876040947891,0.5275315448673716,0.38473350293158365,imU
P0777,0.6399778037870112,0.4501331772779329,0.48,0.5,0.6699334113610336,0.6102441583428769,0.6602219621298882,imU
P0778,0.78,0.33,0.48,0.5,0.57,0.77,0.79,imU
P0779,0.8429457931983599,0.3952971954655733,0.48,0.5,0.4952971954655733,0.76705420680164,0.7294143295546444,imU
P0780,0.7439582326383476,0.3840626510424785,0.48,0.5,0.6180556898155365,0.77,0.79,imU
P0781,0.8222332201209557,0.5025239712557777,0.48,0.5,0.5612619856278889,0.7712619856278888,0.7912619856278889,imU
P0782,0.816945940146394,0.510551367590097,0.48,0.5,0.5727783760585575,0.8727783760585576,0.8827783760585576,imU
P0783,0.6832041597184287,0.41857879293205186,0.48,0.5,0.6582170473495195,0.6453488579514417,0.6914212070679482,imU
P0784,0.6849559648076521,0.41486789442295635,0.48,0.5,0.5773899120191303,0.7147798240382607,0.7473018416344346,imU
P0785,0.8049092985720525,0.4350181402855895,0.48,0.5,0.46743650900043676,0.73,0.6974365090004369,imU
P0786,0.8279697758726727,0.5087214172689491,0.48,0.5,0.728345596570811,0.8935335069198801,0.7312785827310508,imU
P0787,0.7517461430251822,0.290444600235255,0.48,0.5,0.57,0.7586984572100729,0.7843492286050364,imU
P0788,0.6467098878904225,0.48772014947943665,0.48,0.5,0.6260750934246478,0.7255699626301408,0.7627849813150704,imU
P0789,0.81,0.44,0.48,0.5,0.42,0.67,0.68,imU
P0790,0.8620808997973876,0.49,0.48,0.5,0.5941617995947751,0.765279400135075,0.7768014996623126,imU
P0791,0.6212230394789324,0.5257985289379217,0.48,0.5,0.6312230394789324,0.7217553921042135,0.76,imU
P0792,0.722435739679336,0.37,0.48,0.5,0.60554467459917,0.679326804759502,0.7193268047595021,imU
P0793,0.7875341629569912,0.5153416295699111,0.48,0.5,0.48767081478495555,0.6772608593010623,0.68,imU
P0794,0.6574530375794186,0.4034585664548837,0.48,0.5,0.5943701704891861,0.6274530375794186,0.6716353583862791,imU
P0795,0.6340586151982789,0.42811723039655775,0.48,0.5,0.48811723039655774,0.7605298978706826,0.7918827696034423,imU
P0796,0.7313224985777772,0.3972544438123454,0.48,0.5,0.5127455561876546,0.6059319452345682,0.6391183342814819,imU
P0797,0.79,0.36,0.48,0.5,0.46,0.82,0.7,imU
P0798,0.6390187513352285,0.4560750053409137,0.48,0.5,0.48,0.7339249946590863,0.7639249946590864,imU
P0799,0.8696565047677867,0.4131043365118578,0.48,0.5,0.5131043365118578,0.7403434952322133,0.7442536137598815,imU
P0800,0.7821329008751172,0.4613290087511722,0.48,0.5,0.4606645043755861,0.7150696938741795,0.68,imU
P0801,0.6089634099118351,0.28593641216174964,0.48,0.5,0.6305182950440825,0.75,0.7713545292794168,imU
P0802,0.6380382943515696,0.461770233890583,0.48,0.5,0.6641148830547086,0.6315787621327356,0.679617056484305,imU
P0803,0.8016319932495213,0.4818400337523937,0.48,0.5,0.4534720270019149,0.6658159966247607,0.68,imU
P0804,0.6320618543779624,0.4976288737322257,0.48,0.5,0.6461855631338872,0.6973196018424137,0.7393814562203762,imU
P0805,0.7577028874988856,0.4146138732144449,0.48,0.5,0.6553861267855551,0.7915445071422204,0.8115445071422204,imU
P0806,0.81,0.53,0.48,0.5,0.57,0.87,0.88,imU
P0807,0.8724881482668291,0.4149920988445527,0.48,0.5,0.5149920988445528,0.7375118517331709,0.7458267490371273,imU
P0808,0.8635406374879122,0.488385159371978,0.48,0.5,0.6164593625120878,0.76,0.79,imU
P0809,0.709448727002591,0.41055127299740896,0.48,0.5,0.6062072725021592,0.7270341819982726,0.7602756364987044,imU
P0810,0.8659768746253382,0.4889942186563346,0.48,0.5,0.6140231253746617,0.76,0.79,imU
P0811,0.5805470726321768,0.5990152692620818,0.48,0.5,0.5905470726321768,0.7298905854735647,0.76,imU
P0812,0.8697642781991176,0.4899410695497794,0.48,0.5,0.6102357218008824,0.76,0.79,imU
P0813,0.8246909277093786,0.4310618144581243,0.48,0.5,0.481283649396565,0.73,0.711283649396565,imU
P0814,0.7945121575309804,0.4178962756792155,0.48,0.5,0.658871960617255,0.8043598030862746,0.8254878424690196,imU
P0815,0.6286116761241366,0.5095661487887927,0.48,0.5,0.6398264595155171,0.7201735404844829,0.7600867702422415,imU
P0816,0.7941728966234748,0.40880774382186436,0.48,0.5,0.6558271033765253,0.8147690247125426,0.8341728966234747,imU
P0817,0.8398316461754716,0.537898987705283,0.48,0.5,0.6057979754105659,0.797898987705283,0.8178989877052829,imU
P0818,0.6472838038514397,0.48972414999595787,0.5188965999838315,0.5,0.5414960230763013,0.7007480115381506,0.74,imU
P0819,0.8612293362921056,0.49,0.48,0.5,0.5924586725842113,0.7658471091385962,0.7753822271535094,imU
P0820,0.8480532937425025,0.49,0.48,0.5,0.5661065874850052,0.7746311375049983,0.7534221562375043,imU
P0821,0.6955325161540973,0.4281558279486342,0.48,0.5,0.6010650323081946,0.7455325161540973,0.7736883441027316,imU
P0822,0.7780476300236577,0.5439642774822568,0.48,0.5,0.5220714450354865,0.78,0.7520714450354865,imU
P0823,0.77,0.55,0.48,0.5,0.51,0.78,0.74,imU
P0824,0.6295988426736692,0.5063895840630225,0.48,0.5,0.637593056042015,0.7228081012843158,0.7620057866316542,imU
P0825,0.8664236692605397,0.4917881653697302,0.48,0.5,0.6076157795070264,0.7611921102464868,0.7905960551232434,imU
P0826,0.88,0.42,0.48,0.5,0.52,0.73,0.75,imU
P0827,0.7741182041682495,0.5046997541492563,0.48,0.5,0.48529077499050344,0.7594089791587528,0.7152907749905034,imU
P0828,0.5280982450698086,0.4781557015843152,0.48,0.5,0.6272622806337261,0.7327377193662739,0.766368859683137,imU
P0829,0.6359931055397816,0.4319862110795633,0.48,0.5,0.4919862110795633,0.7560160870738428,0.7880137889204367,imU
P0830,0.49,0.61,1.0,0.5,0.56,0.71,0.74,imU
P0831,0.6388271341073498,0.27953704269128216,0.48,0.5,0.6155864329463251,0.75,0.7734876524362393,imU
P0832,0.8681090173784268,0.5013458957294388,0.48,0.5,0.6137819652431462,0.7694549131078656,0.7975639304862925,imU
P0833,0.6234920081258027,0.45142807313222516,0.48,0.5,0.6009520487548168,0.7655559431193805,0.7925399593709861,imU
P0834,0.792010527737701,0.3652273721180223,0.48,0.5,0.4636189499278616,0.8183915778098393,0.7016084221901607,imU
P0835,0.6409783601994865,0.44195672039897294,0.48,0.5,0.5019567203989729,0.7443838262011983,0.7780432796010271,imU
P0836,0.47546897586392184,0.5010173189794138,0.6221933724619679,0.5,0.6035930724082345,0.7317965362041172,0.7617965362041172,imU
P0837,0.7368745573715043,0.26962438032010616,0.48,0.5,0.57,0.7527498229486017,0.7813749114743009,imU
P0838,0.5929841675046291,0.37770158324953707,0.48,0.5,0.1703240040222202,0.5244762512569439,0.4104445862662022,imU
P0839,0.6662505266794969,0.46958245553417177,0.48,0.5,0.5504175444658282,0.7083340355726625,0.7462505266794969,imU
P0840,0.7327558941380494,0.5323397067241464,0.48,0.5,0.7116985336207319,0.8740382403448783,0.8302249856895114,imU
P0841,0.8327541176959988,0.49652470617599326,0.48,0.5,0.6775411769599888,0.804065883135982,0.7652129407360101,imU
P0842,0.7813255853932397,0.33397675617971917,0.48,0.5,0.555418560674363,0.7766279269661986,0.7780697314608426,imU
P0843,0.8178128770672468,0.5331251508268987,0.48,0.5,0.5793754524806961,0.8606245475193038,0.8721871229327532,imU
P0844,0.7815259592976445,0.3345778778929334,0.48,0.5,0.5532144477259108,0.7776297964882224,0.7762663663211997,imU
P0845,0.8125647103229264,0.5174352896770736,0.48,0.5,0.5682901931180491,0.78,0.7948705793541473,imU
P0846,0.7473348498527482,0.28426878979384756,0.48,0.5,0.57,0.7569339399410993,0.7834669699705497,imU
P0847,0.574930795660075,0.38077854668316974,0.48,0.5,0.07141868468648949,0.49259515561056577,0.33752595127064083,imU
P0848,0.7737440635603412,0.4316745819195451,0.48,0.5,0.6672248606398484,0.8190310757998105,0.8372248606398484,imU
P0849,0.5626679776038955,0.6019257802662338,0.580140573844159,0.5,0.5842226592012985,0.7261484394675324,0.7561484394675324,imU
P0850,0.69,0.43,0.48,0.5,0.59,0.74,0.77,imU
P0851,0.7752065642344552,0.5473967178827724,0.48,0.5,0.5073967178827724,0.7487606145932688,0.7243803072966344,imU
P0852,0.6096199105296337,0.5466841610466593,0.48,0.5,0.6196199105296337,0.7240760178940733,0.76,imU
P0853,0.641010449610549,0.341010449610549,0.48,0.5,0.643923880739273,0.757847761478546,0.7778477614785461,imU
P0854,0.7260718571156142,0.2766946072586397,0.48,0.5,0.5719640714421929,0.7490179642789035,0.7790179642789036,imU
P0855,0.8301887997688273,0.36764159982662054,0.48,0.5,0.5825471999422068,0.8452831996532411,0.8590095996821376,imU
P0856,0.7135897438494389,0.3297435886398848,0.48,0.5,0.5782051280752806,0.7458974359623597,0.7758974359623597,imU
P0857,0.8056413985901889,0.4055310289742317,0.48,0.5,0.6443586014098112,0.827875884103073,0.8456413985901888,imU
P0858,0.5172287617103967,0.6069745820321781,0.8426782656732639,0.5,0.5690762539034656,0.7160508359356437,0.7460508359356437,imU
P0859,0.56,0.68,0.48,0.5,0.77,0.36,0.45,om
P0860,0.65,0.51,0.48,0.5,0.66,0.54,0.33,om
P0861,0.78,0.68,0.48,0.5,0.83,0.4,0.29,om
P0862,0.52,0.81,0.48,0.5,0.72,0.38,0.38,om
P0863,0.64,0.57,0.48,0.5,0.7,0.33,0.26,om
P0864,0.63,0.69,0.48,0.5,0.65,0.41,0.28,om
P0865,0.6,0.76,1.0,0.5,0.77,0.59,0.52,om
P0866,0.67,0.88,0.48,0.5,0.73,0.5,0.25,om
P0867,0.61,0.75,0.48,0.5,0.51,0.33,0.33,om
P0868,0.67,0.84,0.48,0.5,0.74,0.54,0.37,om
P0869,0.74,0.9,0.48,0.5,0.57,0.53,0.29,om
P0870,0.73,0.84,0.48,0.5,0.86,0.58,0.29,om
P0871,0.75,0.76,0.48,0.5,0.83,0.57,0.3,om
P0872,0.69,0.59,0.48,0.5,0.77,0.39,0.21,om
P0873,0.63,0.49,0.48,0.5,0.79,0.45,0.28,om
P0874,0.77,0.57,0.48,0.5,0.88,0.53,0.2,om
P0875,0.68,0.63,0.48,0.5,0.73,0.4,0.3,om
P0876,0.74,0.78,0.48,0.5,0.75,0.54,0.15,om
P0877,0.71,0.71,0.48,0.5,0.68,0.43,0.36,om
P0878,0.68,0.76,0.48,0.5,0.84,0.45,0.27,om
P0879,0.61,0.75,0.48,0.5,0.51,0.33,0.33,om
P0880,0.6422956827733808,0.6964591365546762,0.48,0.5,0.7206225903359715,0.398404651960911,0.40062259033597153,om
P0881,0.6243197997814065,0.8308639599562813,0.48,0.5,0.7339093066375209,0.4912744531001669,0.37304534668123956,om
P0882,0.6446280954556849,0.5583471408988365,0.48,0.5,0.6573140477278424,0.5050826204619514,0.3165702386392121,om
P0883,0.7010195185786285,0.7391865646194572,0.48,0.5,0.6934707221320573,0.45469632390877157,0.36224512035534284,om
P0884,0.6849851182066673,0.8250148817933327,0.48,0.5,0.7568582579825006,0.5456194193275002,0.35688802156916616,om
P0885,0.5705703311108752,0.7011406622217502,0.6174143044413762,0.5,0.77,0.42077940388753177,0.46849807944403143,om
P0886,0.7389533667427697,0.8991028857795169,0.48,0.5,0.5725418236247021,0.5301495190367472,0.29119615229397744,om
P0887,0.71735358754945,0.8123520177865,0.48,0.5,0.7435295964427,0.5270591928854,0.1823520177865,om
P0888,0.6347443911285434,0.6911860977821358,0.48,0.5,0.6517791466732038,0.41118609778213583,0.28474439112854344,om
P0889,0.5633747703461974,0.6804821100494568,0.48,0.5,0.7642146794065189,0.3624105502472838,0.441804129159235,om
P0890,0.6606762346080866,0.5782704938432346,0.48,0.5,0.7289467284513211,0.35481148152970393,0.2393237653919134,om
P0891,0.702392619250217,0.767464206416739,0.48,0.5,0.8064110711246746,0.48358892887532545,0.22521476149956612,om
P0892,0.63,0.49,0.48,0.5,0.79,0.45,0.28,om
P0893,0.6401850819640208,0.5001850819640208,0.48,0.5,0.723796967233865,0.4958328688380935,0.30546270491005195,om
P0894,0.6900852972439572,0.6568941259838856,0.48,0.5,0.7131911712600715,0.41008529724395715,0.3201705944879142,om
P0895,0.7337849969457111,0.8248600122171558,0.48,0.5,0.8543225045814334,0.5781075015271444,0.29189249847285553,om
P0896,0.722924832890918,0.7256601336872657,0.48,0.5,0.8357075167109081,0.428537583554541,0.2785849665781836,om
P0897,0.68,0.76,0.48,0.5,0.84,0.45,0.27,om
P0898,0.71,0.71,0.48,0.5,0.68,0.43,0.36,om
P0899,0.7241147201365099,0.8439235199089934,0.48,0.5,0.8472485602957716,0.5721529601820132,0.2860764800910066,om
P0900,0.6935403919675223,0.6661077119133926,0.48,0.5,0.7074326800541296,0.41354039196752224,0.3270807839350444,om
P0901,0.749001280757089,0.7047989753943289,0.48,0.5,0.833099871924291,0.4154993596214555,0.2838002561514178,om
P0902,0.6896450246936949,0.7049112561734237,0.48,0.5,0.6723668842601356,0.42491125617342373,0.3396450246936949,om
P0903,0.5902662456524725,0.6843237493789247,0.48,0.5,0.7181150074529042,0.3816187468946232,0.376496260558281,om
P0904,0.74,0.9,0.48,0.5,0.57,0.53,0.29,om
P0905,0.61,0.75,0.48,0.5,0.51,0.33,0.33,om
P0906,0.6,0.76,1.0,0.5,0.77,0.59,0.52,om
P0907,0.69,0.59,0.48,0.5,0.77,0.39,0.21,om
P0908,0.5260500523721594,0.7903373297904821,0.48,0.5,0.7275625654651992,0.3769749738139203,0.3905875916512789,om
P0909,0.7694847871506881,0.6845065197925623,0.48,0.5,0.8074674010371887,0.40450651979256225,0.3005152128493119,om
P0910,0.6335557795980344,0.4959262993300574,0.48,0.5,0.7888147401339886,0.4464442204019656,0.27585159046895985,om
P0911,0.6265954134548369,0.7002137596354892,0.48,0.5,0.6261678941838587,0.3963816538193478,0.28851146636290764,om
P0912,0.6855971225760402,0.6076115096958389,0.48,0.5,0.7523884903041611,0.39440287742395974,0.2496258968156375,om
P0913,0.639536521533775,0.6041713061960244,0.48,0.5,0.6547682607668875,0.4719873899695379,0.30384130383443764,om
P0914,0.7020967628463525,0.76,0.48,0.5,0.8368433195933782,0.48788016487946123,0.2794700412198653,om
P0915,0.6100376083999757,0.8280075216799951,0.48,0.5,0.7320050144533301,0.4760401156266407,0.37399749277333494,om
P0916,0.7214532974852769,0.7825375507400871,0.48,0.5,0.638004575887318,0.4681776582842564,0.3332756392010205,om
P0917,0.6893290991944583,0.6548775978518887,0.48,0.5,0.7144515013425695,0.40932909919445826,0.3186581983889165,om
P0918,0.5732584853903209,0.6826516970780642,0.48,0.5,0.7620449087658075,0.3661872931821497,0.4420449087658075,om
P0919,0.748095889894786,0.761904110105214,0.48,0.5,0.8278578761316343,0.5692859587105448,0.30166609634206215,om
P0920,0.7752139142015644,0.6273530562172084,0.48,0.5,0.853930428992178,0.46221911537966276,0.2469252278140796,om
P0921,0.7258852050949077,0.8106062989344156,0.48,0.5,0.6217542479853383,0.48295068364969246,0.3229345214452153,om
P0922,0.65,0.51,0.48,0.5,0.66,0.54,0.33,om
P0923,0.6464035434862097,0.5173392391436827,0.48,0.5,0.7845321521712635,0.43359645651379036,0.2608625325994221,om
P0924,0.6491121741942042,0.5153269548347749,0.48,0.5,0.6635513032231832,0.521355658078288,0.32378521935942933,om
P0925,0.7369958664425778,0.6369958664425778,0.48,0.5,0.8013305776283851,0.3952217629380642,0.2517741035045135,om
P0926,0.61,0.75,0.48,0.5,0.51,0.33,0.33,om
P0927,0.63,0.69,0.48,0.5,0.65,0.41,0.28,om
P0928,0.6113818264128928,0.7458545207613215,0.48,0.5,0.5196727848902498,0.3355273056515713,0.326545433967768,om
P0929,0.73,0.84,0.48,0.5,0.86,0.58,0.29,om
P0930,0.5529561491284998,0.7740478373143639,0.48,0.5,0.6990279051000455,0.388988040671409,0.35003986442863655,om
P0931,0.6650236507941051,0.6075354761911576,0.48,0.5,0.7187677380955788,0.3737913888896839,0.2850236507941051,om
P0932,0.74,0.9,0.48,0.5,0.57,0.53,0.29,om
P0933,0.6575046592840769,0.5770018637136307,0.48,0.5,0.7245065229977077,0.3510055911408923,0.24249534071592307,om
P0934,0.646982286645339,0.7431672175550847,0.48,0.5,0.6932668870220339,0.41341639122245766,0.36663344351101695,om
P0935,0.6015562804697946,0.685936611495685,0.48,0.5,0.6987606620517809,0.38968305747842463,0.3490776045733562,om
P0936,0.7146962597604233,0.6473481298802116,0.48,0.5,0.7646962597604232,0.4,0.29653037402395765,om
P0937,0.67,0.8444341556094396,0.48,0.5,0.73889146109764,0.5355658443905604,0.35669753317168107,om
P0938,0.7048411722242514,0.76,0.48,0.5,0.8364512611108212,0.4925848666701452,0.2806462166675363,om
P0939,0.6839527769108776,0.6141888923564897,0.48,0.5,0.7458111076435103,0.39604722308912244,0.2644250078021017,om
P0940,0.6795074873850747,0.8736616750766169,0.48,0.5,0.750599556000995,0.5126766498467662,0.2563383249233831,om
P0941,0.6584891960766346,0.5697697490145768,0.48,0.5,0.7558129647080385,0.4215108039233655,0.29139567843065384,om
P0942,0.6436110865006592,0.6736666961992089,0.48,0.5,0.6717777384010547,0.40727778269986814,0.2854444346002637,om
P0943,0.7597321424589282,0.6962142860328575,0.48,0.5,0.8320267857541072,0.41013392877053595,0.28594642849178564,om
P0944,0.6369517610679084,0.6274341503888243,0.48,0.5,0.6534758805339542,0.45518644694140464,0.29737940266977103,om
P0945,0.6754399247698207,0.7013599811924551,0.48,0.5,0.6670399717886828,0.42135998119245516,0.3254399247698207,om
P0946,0.7663401479575644,0.6047685944031377,0.48,0.5,0.8708503698939111,0.5373197040848711,0.21829926021217777,om
P0947,0.6623549296055151,0.6980887324013787,0.48,0.5,0.6621330986020683,0.4180887324013788,0.3123549296055152,om
P0948,0.7123012152544481,0.5844246961863879,0.48,0.5,0.8006641709748663,0.4290271266952843,0.20721234809319397,om
P0949,0.6534409974643159,0.6755297186326013,0.48,0.5,0.6465288491735643,0.3734409974643159,0.31138242965815033,om
P0950,0.7387803127616607,0.7712196872383393,0.48,0.5,0.8173778518568683,0.5657926172856227,0.30981722633354686,om
P0951,0.6403148497607544,0.5971663521532106,0.48,0.5,0.6551574248803772,0.4770465234449035,0.305787124401886,om
P0952,0.630639484616385,0.4951158769310795,0.48,0.5,0.7842446384525357,0.4423261846033808,0.27872103076723015,om
P0953,0.67,0.8744318969570849,0.48,0.5,0.7313920257607288,0.5055681030429151,0.26670430912874543,om
P0954,0.6313361154917021,0.6739666140995754,0.48,0.5,0.6566805774585103,0.3993110760663836,0.27732776901659595,om
P0955,0.61,0.75,0.48,0.5,0.51,0.33,0.33,om
P0956,0.6713359158018447,0.8639690103778639,0.48,0.5,0.7446950738202914,0.4933204209907766,0.25267183160368933,om
P0957,0.65,0.51,0.48,0.5,0.66,0.54,0.33,om
P0958,0.7307712484550546,0.8973632138443013,0.48,0.5,0.5910942892455895,0.526044820766452,0.28472642768860257,om
P0959,0.6957865522131593,0.8431620682669153,0.48,0.5,0.7373675863466169,0.5147351726932339,0.2131620682669153,om
P0960,0.67,0.88,0.48,0.5,0.73,0.5,0.25,om
P0961,0.5529350109846075,0.7740708971077009,0.48,0.5,0.6990413566461589,0.38898227572307476,0.3500590809230841,om
P0962,0.7445454820308183,0.7818180718767269,0.48,0.5,0.8381817769537726,0.5727272589845909,0.2972727410154091,om
P0963,0.7373143062780226,0.8976979768097337,0.48,0.5,0.5765223990390878,0.5303836705317111,0.2930693642536884,om
P0964,0.6760087458819565,0.8078950494165233,0.48,0.5,0.7960962047015202,0.46995627059021805,0.26201749176391276,om
P0965,0.6594422265239056,0.5390703775398428,0.48,0.5,0.7801859244920315,0.42055777347609435,0.24565073572211008,om
P0966,0.7463665756457033,0.5759083560885742,0.48,0.5,0.8475040415128421,0.4886415073799808,0.2029541780442871,om
P0967,0.6814252995312585,0.8285747004687415,0.48,0.5,0.7528534619726658,0.544284487324222,0.3600028629101488,om
P0968,0.687026579124172,0.7712425265986752,0.48,0.5,0.8428106316496687,0.4682691057228472,0.2728106316496688,om
P0969,0.6726981751472332,0.7025396350294466,0.48,0.5,0.7023810949116601,0.4125924817353755,0.38238109491166006,om
P0970,0.68,0.76,0.48,0.5,0.84,0.45,0.27,om
P0971,0.6353265115709144,0.5326120925673147,0.48,0.5,0.7420613958617709,0.3860818611490279,0.2693469768581713,om
P0972,0.6269455921344017,0.7907949624393162,0.7998327441444447,0.5,0.7584518890852564,0.5707531484754274,0.46225944542628217,om
P0973,0.6403964933710322,0.6775242079547613,0.48,0.5,0.6666343893936516,0.40792070132579356,0.2841585973484129,om
P0974,0.77,0.57,0.48,0.5,0.88,0.53,0.2,om
P0975,0.6591743768875168,0.5716882552850467,0.48,0.5,0.75499074773498,0.4208256231124833,0.2916697507550067,om
P0976,0.6779070138199175,0.84,0.48,0.5,0.7558140276398347,0.5452713425466116,0.3594573149067768,om
P0977,0.6756043798375825,0.8816012513821664,0.48,0.5,0.7171899889426687,0.5024018770732496,0.2532025027643328,om
P0978,0.6936480630606411,0.8163519369393589,0.48,0.5,0.7666040709432211,0.5488680236477403,0.3493079448219391,om
P0979,0.67,0.88,0.48,0.5,0.73,0.5,0.25,om
P0980,0.6789476095372458,0.7726286855530514,0.48,0.5,0.8284237049097029,0.4552619523137714,0.26789521907449143,om
P0981,0.6151066259329214,0.7346801222012356,0.48,0.5,0.5457463815304504,0.35042650373168593,0.3172334351676963,om
P0982,0.6837645063865745,0.76,0.7096163778598752,0.5,0.8035058025546298,0.5788313991484567,0.3971453906330241,om
P0983,0.7310292245546661,0.8358831017813353,0.48,0.5,0.8584561631680007,0.5794853877226669,0.29051461227733305,om
P0984,0.6103430079065539,0.6871918582723648,0.48,0.5,0.6836977007316218,0.39595929136182423,0.32773840936979765,om
P0985,0.7300771431326979,0.8371552398404203,0.48,0.5,0.6063838085134409,0.4969238104423265,0.3131533326903715,om
P0986,0.6932268975217465,0.76,0.48,0.5,0.838110443211179,0.4726746814658511,0.2756686703664628,om
P0987,0.7008288992742698,0.7398060773586229,0.48,0.5,0.6937566510885952,0.4552205269957579,0.36229277518143255,om
P0988,0.7444903620695038,0.7820385517219848,0.48,0.5,0.8382644568957442,0.572754818965248,0.2972451810347519,om
P0989,0.6701734464281964,0.6417918642861643,0.48,0.5,0.7142775142851142,0.40196531071436076,0.2960693785712786,om
P0990,0.6873931398511094,0.6004274405955624,0.48,0.5,0.7595725594044376,0.3926068601488906,0.23346174134001538,om
P0991,0.7415794055074508,0.7768411889850982,0.48,0.5,0.7626352440596071,0.5447382165223527,0.17369108261176336,om
P0992,0.68,0.63,0.48,0.5,0.73,0.4,0.3,om
P0993,0.6859065118353672,0.6063739526585309,0.48,0.5,0.7536260473414691,0.39409348816463274,0.2468413934816945,om
P0994,0.6804676714624727,0.6281293141501095,0.48,0.5,0.7318706858498905,0.3995323285375274,0.2957909568377464,om
P0995,0.6783443872487726,0.7798673530147303,0.48,0.5,0.8217882597364972,0.45827806375613767,0.26668877449754497,om
P0996,0.6,0.76,1.0,0.5,0.77,0.59,0.52,om
P0997,0.6868903298988398,0.6024386804046409,0.48,0.5,0.7575613195953591,0.39310967010116027,0.23798703091044207,om
P0998,0.7483668745032405,0.6935570537843255,0.48,0.5,0.7622147310783723,0.41355705378432556,0.32163312549675954,om
P0999,0.7758752337627516,0.6817677569588207,0.48,0.5,0.8211612152058962,0.4017677569588208,0.29412476623724837,om
P1000,0.704440368939126,0.84,0.48,0.5,0.8088807378782519,0.5629602459594173,0.32407950808116537,om
P1001,0.6744767310034102,0.8262792279590777,0.48,0.5,0.7792440410375121,0.477616344982949,0.2589534620068204,om
P1002,0.77,0.57,1.0,0.5,0.37,0.54,0.01,omL
P1003,0.66,0.49,1.0,0.5,0.54,0.56,0.36,omL
P1004,0.71,0.46,1.0,0.5,0.52,0.59,0.3,omL
P1005,0.67,0.55,1.0,0.5,0.66,0.58,0.16,omL
P1006,0.68,0.49,1.0,0.5,0.62,0.55,0.28,omL
P1007,0.698304017054776,0.506270237382023,1.0,0.5,0.569155508181178,0.5479662203272472,0.22508794883567224,omL
P1008,0.67,0.55,1.0,0.5,0.66,0.58,0.16,omL
P1009,0.6817751885208853,0.4882248114791148,1.0,0.5,0.6140827049303825,0.552366918027847,0.2811834590139235,omL
P1010,0.6876581604349373,0.48234183956506277,1.0,0.5,0.5944727985502092,0.5602108805799164,0.2851054402899582,omL
P1011,0.7270927297264529,0.5387947125283293,1.0,0.5,0.43631123587730014,0.5478013218679177,0.1465231326885591,omL
P1012,0.6813934263758924,0.5243647906542422,1.0,0.5,0.6201230076843767,0.582848356593973,0.19987699231562328,omL
P1013,0.670520966164796,0.5468742030112247,1.0,0.5,0.6579161353408165,0.5784371015056123,0.1662515939775506,omL
P1014,0.67,0.55,1.0,0.5,0.66,0.58,0.16,omL
P1015,0.67,0.55,1.0,0.5,0.66,0.58,0.16,omL
P1016,0.68,0.49,1.0,0.5,0.62,0.55,0.28,omL
P1017,0.6702471144280664,0.49,1.0,0.5,0.5809884577122654,0.5548764427859669,0.31901154228773465,omL
P1018,0.6763469298388204,0.4801918420967078,1.0,0.5,0.5334612280644719,0.5698081579032922,0.3403836841934156,omL
P1019,0.68,0.49,1.0,0.5,0.62,0.55,0.28,omL
P1020,0.6660611220554654,0.5263667323327922,1.0,0.5,0.6127334646655844,0.5721222441109307,0.2387775588906927,omL
P1021,0.6701086337470975,0.549348197517415,1.0,0.5,0.65956546501161,0.5796740987587075,0.1613036049651701,omL
P1022,0.68,0.49,1.0,0.5,0.62,0.55,0.28,omL
P1023,0.6898370478041225,0.48016295219587757,1.0,0.5,0.5872098406529251,0.5631160637388299,0.286558031869415,omL
P1024,0.66,0.49,1.0,0.5,0.54,0.56,0.36,omL
P1025,0.6797985080784628,0.47812089515292233,1.0,0.5,0.532080596768615,0.5718791048470777,0.33624179030584467,omL
P1026,0.66,0.49,1.0,0.5,0.54,0.56,0.36,omL
P1027,0.77,0.57,1.0,0.5,0.37,0.54,0.01,omL
P1028,0.709057636208489,0.46212031853089947,1.0,0.5,0.5232982732702881,0.5897644090521222,0.29670172672971196,omL
P1029,0.67,0.55,1.0,0.5,0.66,0.58,0.16,omL
P1030,0.7505955415975294,0.5527515925311371,1.0,0.5,0.4239012733401962,0.5421560509336079,0.06821337520741193,omL
P1031,0.67,0.55,1.0,0.5,0.66,0.58,0.16,omL
P1032,0.6854729145495061,0.5151859422636115,1.0,0.5,0.6058447990767288,0.5838682286373764,0.21415520092327114,omL
P1033,0.6949825387291563,0.49378928785939846,1.0,0.5,0.5725611144479532,0.5862456346822891,0.24743888555204685,omL
P1034,0.7256336882532555,0.488661761797635,1.0,0.5,0.48091577936686136,0.5769719264556205,0.22443717344259861,omL
P1035,0.6615772803166325,0.4994636818997949,1.0,0.5,0.5589273637995897,0.563154560633265,0.3284543936673504,omL
P1036,0.711572480399382,0.46288288073220046,1.0,0.5,0.5160687990015449,0.5886895996671816,0.29239967806965333,omL
P1037,0.6864326796363183,0.4835673203636817,1.0,0.5,0.5985577345456058,0.5585769061817577,0.28428845309087886,omL
P1038,0.71,0.46,1.0,0.5,0.52,0.59,0.3,omL
P1039,0.7010176183012503,0.46898238169874973,1.0,0.5,0.5499412723291657,0.5780234910683337,0.29401174553416687,omL
P1040,0.6662056072984152,0.5272336437904905,1.0,0.5,0.614467287580981,0.5724112145968302,0.23588785403169832,omL
P1041,0.6641269224765324,0.49,1.0,0.5,0.5565076899061293,0.5579365387617339,0.3434923100938707,omL
P1042,0.6773532039031646,0.49,1.0,0.5,0.6094128156126579,0.5513233980484178,0.2905871843873421,omL
P1043,0.66,0.49,1.0,0.5,0.54,0.56,0.36,omL
P1044,0.6718324870049752,0.539005077970149,1.0,0.5,0.6526700519800993,0.5745025389850744,0.1819898440597021,omL
P1045,0.6888145319526113,0.4811854680473887,1.0,0.5,0.5906182268246291,0.5617527092701484,0.2858763546350742,omL
P1046,0.7618533505725438,0.564075164052759,1.0,0.5,0.38259027638788695,0.5414812089868103,0.035921157269179015,omL
P1047,0.67,0.55,1.0,0.5,0.66,0.58,0.16,omL
P1048,0.7039535942440974,0.46604640575590256,1.0,0.5,0.5401546858530084,0.5819381256587967,0.29596906282939833,omL
P1049,0.66,0.49,1.0,0.5,0.54,0.56,0.36,omL
P1050,0.6743398321017959,0.49,1.0,0.5,0.5973593284071836,0.552830083949102,0.3026406715928164,omL
P1051,0.6708902815148643,0.5446583109108148,1.0,0.5,0.6564388739405432,0.5773291554554073,0.17068337817837048,omL
P1052,0.7366826690293033,0.540384594692714,1.0,0.5,0.46254814158526864,0.5437019256634108,0.10995199291209015,omL
P1053,0.7248306535816179,0.4871895315662995,1.0,0.5,0.4829233660459552,0.5776411220153184,0.22831850768884668,omL
P1054,0.66,0.49,1.0,0.5,0.54,0.56,0.36,omL
P1055,0.6678275602072926,0.5369653612437555,1.0,0.5,0.633930722487511,0.5756551204145851,0.20344879585414832,omL
P1056,0.77,0.57,1.0,0.5,0.37,0.54,0.01,omL
P1057,0.6737149288481077,0.5277104269113543,1.0,0.5,0.6451402846075694,0.5688552134556771,0.20457914617729156,omL
P1058,0.6798555704111254,0.49,1.0,0.5,0.6194222816445016,0.5500722147944374,0.2805777183554984,omL
P1059,0.68,0.49,1.0,0.5,0.62,0.55,0.28,omL
P1060,0.6715743648463166,0.5405538109221006,1.0,0.5,0.6537025406147338,0.5752769054610503,0.17889237815579884,omL
P1061,0.754877365160923,0.542275169461692,1.0,0.5,0.4078065870976927,0.552602195699231,0.08309273505553927,omL
P1062,0.729307603972865,0.4953972739502525,1.0,0.5,0.4717309900678375,0.5739103300226125,0.20667991413115244,omL
P1063,0.6895628303338981,0.4985002936301316,1.0,0.5,0.5934365824058386,0.5489374632962336,0.25131150899830573,omL
P1064,0.66,0.49,1.0,0.5,0.54,0.56,0.36,omL
P1065,0.7303996641954169,0.4973993843582644,1.0,0.5,0.4690008395114576,0.5730002798371525,0.2014016230554847,omL
P1066,0.6837101173857407,0.5191522358820835,1.0,0.5,0.6120145891499076,0.5834275293464352,0.2079854108500924,omL
P1067,0.6742402548199679,0.5508480509639936,1.0,0.5,0.6477032610220933,0.5783038980720129,0.15363961777004823,omL
P1068,0.7449038380207449,0.523990369704699,1.0,0.5,0.4327404049481377,0.5609134683160459,0.13129811623306623,omL
P1069,0.6842519272158253,0.4857480727841747,1.0,0.5,0.6058269092805825,0.5556692362877671,0.28283461814388355,omL
P1070,0.6714158642995578,0.48315048142026534,1.0,0.5,0.535433654280177,0.5668495185797346,0.3463009628405307,omL
P1071,0.6767546344709607,0.5348020724403386,1.0,0.5,0.6363587793516378,0.5816886586177401,0.1836412206483623,omL
P1072,0.6847435239868889,0.48525647601311117,1.0,0.5,0.6041882533770373,0.5563246986491851,0.28316234932459255,omL
P1073,0.71,0.46,1.0,0.5,0.52,0.59,0.3,omL
P1074,0.7536436928105977,0.5667287385621195,1.0,0.5,0.4174332908492668,0.546542522875761,0.034534460784103514,omL
P1075,0.7013554422217113,0.4794502550011495,1.0,0.5,0.5502559522240104,0.5878388605554278,0.2697440477759897,omL
P1076,0.6856964222826073,0.5146830498641337,1.0,0.5,0.6050625220108746,0.5839241055706518,0.21493747798912544,omL
P1077,0.6679909060248065,0.5379454361488388,1.0,0.5,0.6358908722976777,0.575981812049613,0.20018187950387056,omL
P1078,0.68,0.49,1.0,0.5,0.62,0.55,0.28,omL
P1079,0.71,0.46,1.0,0.5,0.52,0.59,0.3,omL
P1080,0.7649618129222969,0.5663358639434887,1.0,0.5,0.3777862891200866,0.5409160340141279,0.02603059524723708,omL
P1081,0.6689134896268701,0.5434809377612203,1.0,0.5,0.6469618755224406,0.57782697925374,0.18173020746259905,omL
P1082,0.6641527173353196,0.49,1.0,0.5,0.5566108693412782,0.5579236413323403,0.34338913065872173,omL
P1083,0.6896130094679549,0.5115367341585126,1.0,0.5,0.49423443991316074,0.554615816460372,0.2657767880565073,omL
P1084,0.7230877346427483,0.5606175469285497,1.0,0.5,0.5060455695360297,0.5587649061429006,0.08036839803587746,omL
P1085,0.7221083592573356,0.5351697158235168,1.0,0.5,0.44401435387502675,0.5487075710441208,0.16238249327211382,omL
P1086,0.77,0.57,1.0,0.5,0.37,0.54,0.01,omL
P1087,0.7556331601647424,0.5436607936353609,1.0,0.5,0.4059170995881442,0.5519723665293814,0.07943972587041208,omL
P1088,0.736729429176937,0.5404261592683883,1.0,0.5,0.46241825228628625,0.5436967300914515,0.10981171246918917,omL
P1089,0.6832182686238676,0.4867817313761324,1.0,0.5,0.6092724379204414,0.5542910248318235,0.28214551241591174,omL
P1090,0.7628777459981111,0.5636691075538764,1.0,0.5,0.38978403889413593,0.5407913615557655,0.03136676200566684,omL
P1091,0.7456609829908079,0.5253784688164811,1.0,0.5,0.43084754252298024,0.5602825141743267,0.12763858221109511,omL
P1092,0.7230227972009425,0.5606045594401885,1.0,0.5,0.5062338881172668,0.558790881119623,0.08046580419858626,omL
P1093,0.679463189033381,0.47832208657997144,1.0,0.5,0.5322147243866476,0.5716779134200286,0.3366441731599428,omL
P1094,0.6993669579769582,0.47063304202304174,1.0,0.5,0.5554434734101391,0.5758226106359444,0.2929113053179722,omL
P1095,0.7059940257573958,0.4624035845455626,1.0,0.5,0.5216023896970418,0.5875964154544374,0.3048071690911251,omL
P1096,0.71,0.46,1.0,0.5,0.52,0.59,0.3,omL
P1097,0.7672619652322236,0.5694523930464447,1.0,0.5,0.3779403008265517,0.5410952139071106,0.014107052151664681,omL
P1098,0.6910602220451428,0.5026145003984287,1.0,0.5,0.5862892228420002,0.5852650555112857,0.23371077715799982,omL
P1099,0.6945973689473809,0.46924157863157145,1.0,0.5,0.5261610524210477,0.5807584213684285,0.3184831572631429,omL
P1100,0.68,0.49,1.0,0.5,0.62,0.55,0.28,omL
P1101,0.6736404106766535,0.49,1.0,0.5,0.5945616427066136,0.5531797946616733,0.3054383572933864,omL
P1102,0.6664400925031215,0.49,1.0,0.5,0.5657603700124861,0.5567799537484392,0.3342396299875139,omL
P1103,0.6714963092545839,0.5410221444724965,1.0,0.5,0.6540147629816643,0.5755110722362482,0.17795571105500713,omL
P1104,0.6825923370185288,0.5525184674037058,1.0,0.5,0.6234822226462664,0.5749630651925884,0.14111149447220672,omL
P1105,0.6855852802897491,0.5086074765743629,1.0,0.5,0.5004591122794788,0.5553481308564093,0.27859228998716223,omL
P1106,0.6644837337410117,0.49,1.0,0.5,0.5579349349640464,0.5577581331294943,0.3420650650359536,omL
P1107,0.6645019728778762,0.5170118372672567,1.0,0.5,0.5940236745345133,0.5690039457557522,0.26996054244247775,omL
P1108,0.6688952627297058,0.5433715763782345,1.0,0.5,0.6467431527564691,0.5777905254594115,0.18209474540588497,omL
P1109,0.694672075947713,0.4691967544313722,1.0,0.5,0.5261311696209148,0.5808032455686278,0.31839350886274437,omL
P1110,0.67,0.55,1.0,0.5,0.66,0.58,0.16,omL
P1111,0.6628036085844454,0.5068216515066722,1.0,0.5,0.5736433030133444,0.5656072171688907,0.30392782831109266,omL
P1112,0.7033735438857414,0.4666264561142586,1.0,0.5,0.5420881870475287,0.5811647251809885,0.29558236259049425,omL
P1113,0.71,0.46,1.0,0.5,0.52,0.59,0.3,omL
P1114,0.7072616696254278,0.5243721233639475,1.0,0.5,0.46695923785161164,0.5514069691590132,0.20962196028272984,omL
P1115,0.7649872951602431,0.5608100411271122,1.0,0.5,0.3825317620993923,0.5441772540331308,0.03422807339215861,omL
P1116,0.7446261959576244,0.5234813592556445,1.0,0.5,0.4334345101059392,0.5611448367019798,0.13264005287148248,omL
P1117,0.6602374085213156,0.4914244511278933,1.0,0.5,0.5428489022557866,0.5604748170426311,0.35525182957368906,omL
P1118,0.7351568750391285,0.5061209375717356,1.0,0.5,0.4571078124021787,0.5690359374673929,0.1784084373108788,omL
P1119,0.7327456572387293,0.501700371604337,1.0,0.5,0.4631358569031768,0.5710452856343923,0.19006265667947514,omL
P1120,0.7245636841404042,0.5296121636803592,1.0,0.5,0.4962119884988774,0.5450484795399552,0.1463089475787876,omL
P1121,0.6722261348301753,0.5366431910189481,1.0,0.5,0.6510954606792987,0.573321595509474,0.18671361796210398,omL
P1122,0.6916469993261313,0.4710118004043213,1.0,0.5,0.5273412002695476,0.5789881995956787,0.3220236008086425,omL
P1123,0.739005490907696,0.5638010981815391,1.0,0.5,0.4598840763676818,0.5523978036369216,0.056491763638456094,omL
P1124,0.7172218267664819,0.5230860682368728,1.0,0.5,0.5166060367597726,0.5458642414703909,0.1683345197005544,omL
P1125,0.6689781923489151,0.5438691540934901,1.0,0.5,0.6477383081869802,0.57795638469783,0.1804361530216997,omL
P1126,0.67883523354644,0.5301207245205101,1.0,0.5,0.6290766825874601,0.5822088083866099,0.1909233174125399,omL
P1127,0.6722812608756568,0.5363124347460598,1.0,0.5,0.6508749564973733,0.5731562173730299,0.1873751305078804,omL
P1128,0.7002460635926058,0.5079965009712051,1.0,0.5,0.563760934464984,0.5477504373785994,0.2192618092221827,omL
P1129,0.7602422020386812,0.5629034196644954,1.0,0.5,0.38508023321294726,0.5417741450838762,0.04104753896783253,omL
P1130,0.6609786877274809,0.4907117728927134,1.0,0.5,0.5384874826029841,0.5598220567768217,0.35688599359437884,omL
P1131,0.7256437146077002,0.48868014344745037,1.0,0.5,0.4808907134807495,0.5769635711602499,0.2243887127294491,omL
P1132,0.685325017958031,0.4947333492960275,1.0,0.5,0.605208283449914,0.5494083313379966,0.26402494612590705,omL
P1133,0.6729382477920952,0.5323705132474289,1.0,0.5,0.6482470088316192,0.5711852566237144,0.1952589735051422,omL
P1134,0.67,0.55,1.0,0.5,0.66,0.58,0.16,omL
P1135,0.77,0.57,1.0,0.5,0.37,0.54,0.01,omL
P1136,0.6788753162805121,0.4967481023169276,1.0,0.5,0.6244987348779517,0.5533740511584638,0.26650379536614477,omL
P1137,0.675364376487211,0.5379301529037754,1.0,0.5,0.6412246822947617,0.5813410941218027,0.17877531770523836,omL
P1138,0.6708868584303355,0.5446788494179874,1.0,0.5,0.6564525662786582,0.5773394247089936,0.17064230116402535,omL
P1139,0.6773395265515532,0.505962840690681,1.0,0.5,0.6306418937937873,0.5579814203453405,0.24807431861863802,omL
P1140,0.77,0.57,1.0,0.5,0.37,0.54,0.01,omL
P1141,0.7007971991246271,0.5561594398249254,1.0,0.5,0.5706881225385816,0.5676811203501492,0.11380420131305943,omL
P1142,0.7428101216805064,0.5201518897475951,1.0,0.5,0.43797469579873405,0.5626582319329113,0.1414177452108858,omL
P1143,0.7058294691594427,0.4693836943912539,1.0,0.5,0.5345968579419504,0.5889573672898607,0.28540314205804956,omL
P1144,0.697678266641138,0.472321733358862,1.0,0.5,0.56107244452954,0.573571022188184,0.291785511094092,omL
P1145,0.74,0.49,0.48,0.5,0.42,0.54,0.36,pp
P1146,0.7,0.61,0.48,0.5,0.56,0.52,0.43,pp
P1147,0.66,0.86,0.48,0.5,0.34,0.41,0.36,pp
P1148,0.73,0.78,0.48,0.5,0.58,0.51,0.31,pp
P1149,0.65,0.57,0.48,0.5,0.47,0.47,0.51,pp
P1150,0.72,0.86,0.48,0.5,0.17,0.55,0.21,pp
P1151,0.67,0.7,0.48,0.5,0.46,0.45,0.33,pp
P1152,0.67,0.81,0.48,0.5,0.54,0.49,0.23,pp
P1153,0.67,0.61,0.48,0.5,0.51,0.37,0.38,pp
P1154,0.63,1.0,0.48,0.5,0.35,0.51,0.49,pp
P1155,0.57,0.59,0.48,0.5,0.39,0.47,0.33,pp
P1156,0.71,0.71,0.48,0.5,0.4,0.54,0.39,pp
P1157,0.66,0.74,0.48,0.5,0.31,0.38,0.43,pp
P1158,0.67,0.81,0.48,0.5,0.25,0.42,0.25,pp
P1159,0.64,0.72,0.48,0.5,0.49,0.42,0.19,pp
P1160,0.68,0.82,0.48,0.5,0.38,0.65,0.56,pp
P1161,0.32,0.39,0.48,0.5,0.53,0.28,0.38,pp
P1162,0.7,0.64,0.48,0.5,0.47,0.51,0.47,pp
P1163,0.63,0.57,0.48,0.5,0.49,0.7,0.2,pp
P1164,0.74,0.82,0.48,0.5,0.49,0.49,0.41,pp
P1165,0.63,0.86,0.48,0.5,0.39,0.47,0.34,pp
P1166,0.63,0.83,0.48,0.5,0.4,0.39,0.19,pp
P1167,0.63,0.71,0.48,0.5,0.6,0.4,0.39,pp
P1168,0.71,0.86,0.48,0.5,0.4,0.54,0.32,pp
P1169,0.68,0.78,0.48,0.5,0.43,0.44,0.42,pp
P1170,0.64,0.84,0.48,0.5,0.37,0.45,0.4,pp
P1171,0.74,0.47,0.48,0.5,0.5,0.57,0.42,pp
P1172,0.75,0.84,0.48,0.5,0.35,0.52,0.33,pp
P1173,0.63,0.65,0.48,0.5,0.39,0.44,0.35,pp
P1174,0.69,0.67,0.48,0.5,0.3,0.39,0.24,pp
P1175,0.7,0.71,0.48,0.5,0.42,0.84,0.85,pp
P1176,0.69,0.8,0.48,0.5,0.46,0.57,0.26,pp
P1177,0.64,0.66,0.48,0.5,0.41,0.39,0.2,pp
P1178,0.63,0.8,0.48,0.5,0.46,0.31,0.29,pp
P1179,0.66,0.71,0.48,0.5,0.41,0.5,0.35,pp
P1180,0.69,0.59,0.48,0.5,0.46,0.44,0.52,pp
P1181,0.68,0.67,0.48,0.5,0.49,0.4,0.34,pp
P1182,0.64,0.78,0.48,0.5,0.5,0.36,0.38,pp
P1183,0.62,0.78,0.48,0.5,0.47,0.49,0.54,pp
P1184,0.76,0.73,0.48,0.5,0.44,0.39,0.39,pp
P1185,0.64,0.81,0.48,0.5,0.37,0.39,0.44,pp
P1186,0.29,0.39,0.48,0.5,0.52,0.4,0.48,pp
P1187,0.62,0.83,0.48,0.5,0.46,0.36,0.4,pp
P1188,0.56,0.54,0.48,0.5,0.43,0.37,0.3,pp
P1189,0.69,0.66,0.48,0.5,0.41,0.5,0.25,pp
P1190,0.69,0.65,0.48,0.5,0.63,0.48,0.41,pp
P1191,0.43,0.59,0.48,0.5,0.52,0.49,0.56,pp
P1192,0.74,0.56,0.48,0.5,0.47,0.68,0.3,pp
P1193,0.71,0.57,0.48,0.5,0.48,0.35,0.32,pp
P1194,0.61,0.6,0.48,0.5,0.44,0.39,0.38,pp
P1195,0.59,0.61,0.48,0.5,0.42,0.42,0.37,pp
P1196,0.74,0.74,0.48,0.5,0.31,0.53,0.52,pp
P1197,0.64,0.66,0.48,0.5,0.41,0.39,0.2,pp
P1198,0.6253723773377929,0.6384309433444824,0.48,0.5,0.4015690566555177,0.42843094334448234,0.3569414339933106,pp
P1199,0.6641186400217787,0.5837644079934663,0.48,0.5,0.4616474560087115,0.36835254399128853,0.34752881598693275,pp
P1200,0.64,0.7098059618729269,0.48,0.5,0.47640794916390244,0.41490298093646344,0.1916990063545122,pp
P1201,0.6710963669211144,0.8520530790839884,0.48,0.5,0.3746578201526686,0.6250698273791201,0.5475349136895601,pp
P1202,0.5465396532602838,0.7065396532602837,0.48,0.5,0.48933167019466217,0.49,0.5477326680778649,pp
P1203,0.6691420057410946,0.7374260172232836,0.48,0.5,0.4252366762351576,0.5213313467292207,0.32257398277671634,pp
P1204,0.63,0.71,0.48,0.5,0.6,0.4,0.39,pp
P1205,0.6306622816550392,0.7146359715852744,0.48,0.5,0.593377183449608,0.3973508733798432,0.38933771834496084,pp
P1206,0.6474612925620004,0.8286532314050009,0.48,0.5,0.3588080611569995,0.39746129256200036,0.4101548297519986,pp
P1207,0.74,0.4899297276154259,0.48,0.5,0.42028108953829624,0.5401054085768612,0.36021081715372216,pp
P1208,0.6272674558367087,0.6028779093061181,0.48,0.5,0.4601453651428269,0.3842441813877638,0.38,pp
P1209,0.682122275221426,0.6586870458702377,0.48,0.5,0.40737409174047534,0.492122275221426,0.26312954129762334,pp
P1210,0.7185831228665104,0.8557084385667447,0.48,0.5,0.389271096416862,0.5357084385667448,0.32214578071662764,pp
P1211,0.6328999628680142,0.8542000742639715,0.48,0.5,0.3842000742639715,0.46420007426397153,0.3573997772080854,pp
P1212,0.7106031354823243,0.7896984322588378,0.48,0.5,0.5218094064469732,0.5390952967765134,0.2857539193529055,pp
P1213,0.6666559693928321,0.6989067176786132,0.48,0.5,0.41,0.5,0.3278134353572265,pp
P1214,0.6527601852558262,0.7046877776930085,0.48,0.5,0.46958370359067797,0.440416296409322,0.2053122223069915,pp
P1215,0.6898626838823791,0.5901373161176208,0.48,0.5,0.4951029870882156,0.3600686580588104,0.35020597417643123,pp
P1216,0.66,0.74,0.48,0.5,0.31,0.38,0.43,pp
P1217,0.6416247461584822,0.78,0.48,0.5,0.49715669422265624,0.36324949231696424,0.38162474615848213,pp
P1218,0.64162507230639,0.8043122469276353,0.48,0.5,0.3651247830808302,0.389187463846805,0.439187463846805,pp
P1219,0.6800377463995428,0.6698741786681908,0.48,0.5,0.4899874178668191,0.39993708933409544,0.3399748357336382,pp
P1220,0.63,0.8058581629919749,0.48,0.5,0.4482836740160502,0.32562176797859976,0.2704727900267503,pp
P1221,0.4195073321298489,0.5750104744712128,0.48,0.5,0.52,0.48325471351204574,0.5540041897884852,pp
P1222,0.6952437339778027,0.744431287385127,0.48,0.5,0.4147562660221973,0.49081244659267576,0.4047562660221973,pp
P1223,0.74,0.5394791413666924,0.48,0.5,0.4768402862111025,0.6549189505592906,0.32736114484441026,pp
P1224,0.6515899630954155,0.86,0.48,0.5,0.39269874538692695,0.4888912177084886,0.33460250922614615,pp
P1225,0.7374401496677222,0.7374401496677222,0.48,0.5,0.31767955099683354,0.5308532834440927,0.508907315226796,pp
P1226,0.6844535906564824,0.84,0.48,0.5,0.36191752897154866,0.4782886485995797,0.37171135140042033,pp
P1227,0.30303914242134117,0.39,0.48,0.5,0.5243463808071137,0.34784343031463527,0.4365361919288627,pp
P1228,0.63,0.83,0.48,0.5,0.4,0.39,0.19,pp
P1229,0.7376199093400096,0.8104796373600387,0.48,0.5,0.511420815939913,0.4947601813199807,0.38619909340009667,pp
P1230,0.64,0.8266018759021919,0.48,0.5,0.37,0.42320375180438385,0.4178641654637441,pp
P1231,0.6583569016097703,0.86,0.48,0.5,0.3427384973170496,0.4132861967804594,0.3589046010731802,pp
P1232,0.67,0.61,0.48,0.5,0.51,0.37,0.38,pp
P1233,0.63,0.83,0.48,0.5,0.4,0.39,0.19,pp
P1234,0.69,0.8,0.48,0.5,0.46,0.57,0.26,pp
P1235,0.6799916852414241,0.78,0.48,0.5,0.43001455082750795,0.4399833704828481,0.419991685241424,pp
P1236,0.642043432537621,0.6604086865075243,0.48,0.5,0.4055044484172339,0.39,0.2016347460300968,pp
P1237,0.6384331464069032,0.8076497196103548,0.48,0.5,0.37783426796548425,0.39783426796548427,0.44783426796548426,pp
P1238,0.3700202516786023,0.5043146452551461,0.48,0.5,0.52,0.4514415903648158,0.5257258581020585,pp
P1239,0.6884349200679621,0.6631301598640756,0.48,0.5,0.41391269983009454,0.49608730016990543,0.25626031972815133,pp
P1240,0.6771136260220766,0.6526817561324592,0.48,0.5,0.4957727479558469,0.3913408780662296,0.35154549591169393,pp
P1241,0.654822707114736,0.68102838389342,0.48,0.5,0.433439737450788,0.446205676778684,0.337588646442632,pp
P1242,0.6072742329054625,0.596729079486555,0.48,0.5,0.43945484658109246,0.388909693162185,0.3756387726487399,pp
P1243,0.67,0.61,0.48,0.5,0.51,0.37,0.38,pp
P1244,0.6437067938907871,0.8380691297747407,0.48,0.5,0.40096543511262966,0.4617759236655278,0.36193087022525927,pp
P1245,0.4186617530422129,0.5738025043460184,0.48,0.5,0.52,0.48271112695570834,0.5535210017384075,pp
P1246,0.6312457925251307,0.8575084149497385,0.48,0.5,0.38750841494973853,0.46750841494973855,0.3474747551507844,pp
P1247,0.59,0.61,0.48,0.5,0.42,0.42,0.37,pp
P1248,0.6644341339199509,0.8378293304002458,0.48,0.5,0.3000927947204424,0.4144341339199508,0.3112245268805407,pp
P1249,0.6705178694330506,0.8136785796220336,0.48,0.5,0.3942231958504242,0.6247143184881347,0.5568392898110169,pp
P1250,0.74,0.4970446559474428,0.48,0.5,0.4909851146841857,0.6030545794913189,0.38394045873674293,pp
P1251,0.5350083733669855,0.6950083733669855,0.48,0.5,0.4923662175350038,0.49,0.5489464870140016,pp
P1252,0.6469201650587937,0.5684618031764732,0.48,0.5,0.48692360635294657,0.6969236063529466,0.21538196823526704,pp
P1253,0.6800959036369234,0.5365601070700851,0.48,0.5,0.48003196787897445,0.5034398929299149,0.47990409636307657,pp
P1254,0.63,1.0,0.48,0.5,0.35,0.51,0.49,pp
P1255,0.7391640913726518,0.7391640913726518,0.48,0.5,0.31250772588204445,0.5302786362091161,0.5163777292814913,pp
P1256,0.6345762305285857,0.7420336137000998,0.48,0.5,0.5542376947141432,0.38169507788565726,0.3854237694714143,pp
P1257,0.6037776440710724,0.6031111779644638,0.48,0.5,0.4337776440710724,0.3993335338933914,0.3768888220355362,pp
P1258,0.62,0.78,0.48,0.5,0.47,0.49,0.54,pp
P1259,0.6252756976005329,0.8141729071984012,0.48,0.5,0.46,0.3336215119973353,0.3419673263941377,pp
P1260,0.6582532292361085,0.7747596877083254,0.48,0.5,0.5204220487268474,0.4625908682175864,0.21433763898147795,pp
P1261,0.3721590372485817,0.5073700532122596,0.48,0.5,0.52,0.4528165239455168,0.5269480212849038,pp
P1262,0.6731564754083827,0.7902652868874259,0.48,0.5,0.4197347131125741,0.4417108811479043,0.41657823770419133,pp
P1263,0.6472263423166957,0.5684339688803004,0.48,0.5,0.4868679377606008,0.6968679377606007,0.21566031119699608,pp
P1264,0.7,0.61,0.48,0.5,0.56,0.52,0.43,pp
P1265,0.6847276632965674,0.5873638316482837,0.48,0.5,0.4613180841758582,0.4439542525275744,0.5186819158241419,pp
P1266,0.6733411688797618,0.6666588311202382,0.48,0.5,0.6216705844398809,0.45778822517301576,0.40444705629325395,pp
P1267,0.64,0.6631521019248126,0.48,0.5,0.41420280256641673,0.3915760509624063,0.19947464967919792,pp
P1268,0.64,0.8125518395692165,0.48,0.5,0.37,0.39510367913843303,0.43659754724104466,pp
P1269,0.74,0.5444387624248225,0.48,0.5,0.4588848303034446,0.648877524849645,0.3133382036358664,pp
P1270,0.6637756077518785,0.7062243922481215,0.48,0.5,0.42887803875939245,0.4811219612406076,0.342448784496243,pp
P1271,0.76,0.73,0.48,0.5,0.44,0.39,0.39,pp
P1272,0.69,0.59,0.48,0.5,0.46,0.44,0.52,pp
P1273,0.6962276180460417,0.625089527815833,0.48,0.5,0.5864066736777078,0.504910472184167,0.42245523609208346,pp
P1274,0.59,0.61,0.48,0.5,0.42,0.42,0.37,pp
P1275,0.74,0.4810110950982051,0.48,0.5,0.4559556196071795,0.5534833573526923,0.38696671470538463,pp
P1276,0.6500548864766142,0.5879835340570156,0.48,0.5,0.4560219545906457,0.3739780454093543,0.35596706811403145,pp
P1277,0.63,0.83,0.48,0.5,0.4,0.39,0.19,pp
P1278,0.7,0.61,0.48,0.5,0.56,0.52,0.43,pp
P1279,0.71,0.57,0.48,0.5,0.48,0.35,0.32,pp
P1280,0.6922811812437202,0.7297082416582935,0.48,0.5,0.5045623624874404,0.47228118124372015,0.3225729395854266,pp
P1281,0.6704189817244617,0.6991620365510767,0.48,0.5,0.45895254568884597,0.45104745431115406,0.32832407310215356,pp
P1282,0.67,0.7,0.48,0.5,0.46,0.45,0.33,pp
P1283,0.7430994203386974,0.8060526084758616,0.48,0.5,0.48225144915325646,0.4745028983065129,0.40690057966130255,pp
P1284,0.6374748243708823,0.8450503512582352,0.48,0.5,0.37505035125823527,0.4550503512582353,0.38484894622529414,pp
P1285,0.64,0.72,0.48,0.5,0.49,0.42,0.19,pp
P1286,0.69,0.65,0.48,0.5,0.63,0.48,0.41,pp
P1287,0.635218100663272,0.746526704642904,0.48,0.5,0.5478189933672799,0.379127597346912,0.384781899336728,pp
